time,Nu,heat_flux,Q,Q_num,norm_grad_u,norm_A,KE
0.0,1.0,0.0,1.0,0.0,0.0,0.0,0.0
0.0001,1.0,0.0,1.0,0.0,0.0,0.0,0.0
0.0002,1.0,0.0,1.0,0.0,0.0,0.0,0.0
0.00030000000000000003,1.0,0.0,1.0,0.0,0.0,0.0,0.0
0.0004,1.0,0.0,1.0,0.0,0.0,0.0,0.0
0.0005,1.0,0.0,1.0,0.0,0.0,0.0,0.0
0.0006000000000000001,1.0,0.0,1.0,0.0,0.0,0.0,0.0
0.0007,1.0,0.0,1.0,0.0,0.0,0.0,0.0
0.0008,1.0,0.0,1.0,0.0,0.0,0.0,0.0
0.0009000000000000001,1.0,0.0,1.0,0.0,0.0,0.0,0.0
0.001,1.0,0.0,1.0,0.0,0.0,0.0,0.0
0.0011,1.0,0.0,1.0,0.0,0.0,0.0,0.0
0.0012000000000000001,1.0,0.0,1.0,0.0,0.0,0.0,0.0
0.0013000000000000002,1.0,0.0,1.0,0.0,0.0,0.0,0.0
0.0014,1.0,0.0,1.0,0.0,0.0,0.0,0.0
0.0015,1.0,0.0,1.0,0.0,0.0,0.0,0.0
0.0016,1.0,0.0,1.0,0.0,0.0,0.0,0.0
0.0017000000000000001,1.0,0.0,1.0,0.0,0.0,0.0,0.0
0.0018000000000000002,1.0,0.0,1.0,0.0,0.0,0.0,0.0
0.0019,1.0,0.0,1.0,0.0,0.0,0.0,0.0
0.002,1.0,0.0,1.0,0.0,0.0,0.0,0.0
0.0021000000000000003,1.0,0.0,1.0,0.0,0.0,0.0,0.0
0.0022,1.0,0.0,1.0,0.0,0.0,0.0,0.0
0.0023,1.0,0.0,1.0,0.0,0.0,0.0,0.0
0.0024000000000000002,1.0,0.0,1.0,0.0,0.0,0.0,0.0
0.0025,1.0,0.0,1.0,0.0,0.0,0.0,0.0
0.0026000000000000003,1.0,0.0,1.0,0.0,0.0,0.0,0.0
0.0027,1.0,0.0,1.0,0.0,0.0,0.0,0.0
0.0028,1.0,0.0,1.0,0.0,0.0,0.0,0.0
0.0029000000000000002,1.0,0.0,1.0,0.0,0.0,0.0,0.0
0.003,1.0,0.0,1.0,0.0,0.0,0.0,0.0
0.0031000000000000003,1.0,0.0,1.0,0.0,0.0,0.0,0.0
0.0032,1.0,0.0,1.0,0.0,0.0,0.0,0.0
0.0033,1.0,0.0,1.0,0.0,0.0,0.0,0.0
0.0034000000000000002,1.0,0.0,1.0,0.0,0.0,0.0,0.0
0.0035,1.0,0.0,1.0,0.0,0.0,0.0,0.0
0.0036000000000000003,1.0,0.0,1.0,0.0,0.0,0.0,0.0
0.0037,1.0,0.0,1.0,0.0,0.0,0.0,0.0
0.0038,1.0,0.0,1.0,0.0,0.0,0.0,0.0
0.0039000000000000003,1.0,0.0,1.0,0.0,0.0,0.0,0.0
0.004,1.0,0.0,1.0,0.0,0.0,0.0,0.0
0.0041,1.0,0.0,1.0,0.0,0.0,0.0,0.0
0.004200000000000001,1.0,0.0,1.0,0.0,0.0,0.0,0.0
0.0043,1.0,0.0,1.0,0.0,0.0,0.0,0.0
0.0044,1.0,0.0,1.0,0.0,0.0,0.0,0.0
0.0045000000000000005,1.0,0.0,1.0,0.0,0.0,0.0,0.0
0.0046,1.0,0.0,1.0,0.0,0.0,0.0,0.0
0.0047,1.0,0.0,1.0,0.0,0.0,0.0,0.0
0.0048000000000000004,1.0,0.0,1.0,0.0,0.0,0.0,0.0
0.0049,1.0,0.0,1.0,0.0,0.0,0.0,0.0
0.005,1.0,0.0,1.0,0.0,0.0,0.0,0.0
0.0051,1.0,0.0,1.0,0.0,0.0,0.0,0.0
0.005200000000000001,1.0,0.0,1.0,0.0,0.0,0.0,0.0
0.0053,1.0,0.0,1.0,0.0,0.0,0.0,0.0
0.0054,1.0,0.0,1.0,0.0,0.0,0.0,0.0
0.0055000000000000005,1.0,0.0,1.0,0.0,0.0,0.0,0.0
0.0056,1.0,0.0,1.0,0.0,0.0,0.0,0.0
0.0057,1.0,0.0,1.0,0.0,0.0,0.0,0.0
0.0058000000000000005,1.0,0.0,1.0,0.0,0.0,0.0,0.0
0.0059,1.0,0.0,1.0,0.0,0.0,0.0,0.0
0.006,1.0,0.0,1.0,0.0,0.0,0.0,0.0
0.0061,1.0,0.0,1.0,0.0,0.0,0.0,0.0
0.006200000000000001,1.0,0.0,1.0,0.0,0.0,0.0,0.0
0.0063,1.0,0.0,1.0,0.0,0.0,0.0,0.0
0.0064,1.0,0.0,1.0,0.0,0.0,0.0,0.0
0.006500000000000001,1.0,0.0,1.0,0.0,0.0,0.0,0.0
0.0066,1.0,0.0,1.0,0.0,0.0,0.0,0.0
0.0067,1.0,0.0,1.0,0.0,0.0,0.0,0.0
0.0068000000000000005,1.0,0.0,1.0,0.0,0.0,0.0,0.0
0.006900000000000001,1.0,0.0,1.0,0.0,0.0,0.0,0.0
0.007,1.0,0.0,1.0,0.0,0.0,0.0,0.0
0.0071,1.0,0.0,1.0,0.0,0.0,0.0,0.0
0.007200000000000001,1.0,0.0,1.0,0.0,0.0,0.0,0.0
0.0073,1.0,0.0,1.0,0.0,0.0,0.0,0.0
0.0074,1.0,0.0,1.0,0.0,0.0,0.0,0.0
0.007500000000000001,1.0,0.0,1.0,0.0,0.0,0.0,0.0
0.0076,1.0,0.0,1.0,0.0,0.0,0.0,0.0
0.0077,1.0,0.0,1.0,0.0,0.0,0.0,0.0
0.0078000000000000005,1.0,0.0,1.0,0.0,0.0,0.0,0.0
0.0079,1.0,0.0,1.0,0.0,0.0,0.0,0.0
0.008,1.0,0.0,1.0,0.0,0.0,0.0,0.0
0.0081,1.0,0.0,1.0,0.0,0.0,0.0,0.0
0.0082,1.0,0.0,1.0,0.0,0.0,0.0,0.0
0.0083,1.0,0.0,1.0,0.0,0.0,0.0,0.0
0.008400000000000001,1.0,0.0,1.0,0.0,0.0,0.0,0.0
0.0085,1.0,0.0,1.0,0.0,0.0,0.0,0.0
0.0086,1.0,0.0,1.0,0.0,0.0,0.0,0.0
0.008700000000000001,1.0,0.0,1.0,0.0,0.0,0.0,0.0
0.0088,1.0,0.0,1.0,0.0,0.0,0.0,0.0
0.0089,1.0,0.0,1.0,0.0,0.0,0.0,0.0
0.009000000000000001,1.0,0.0,1.0,0.0,0.0,0.0,0.0
0.0091,1.0,0.0,1.0,0.0,0.0,0.0,0.0
0.0092,1.0,0.0,1.0,0.0,0.0,0.0,0.0
0.009300000000000001,1.0,0.0,1.0,0.0,0.0,0.0,0.0
0.0094,1.0,0.0,1.0,0.0,0.0,0.0,0.0
0.0095,1.0,0.0,1.0,0.0,0.0,0.0,0.0
0.009600000000000001,1.0,0.0,1.0,0.0,0.0,0.0,0.0
0.0097,1.0,0.0,1.0,0.0,0.0,0.0,0.0
0.0098,1.0,0.0,1.0,0.0,0.0,0.0,0.0
0.0099,1.0,0.0,1.0,0.0,0.0,0.0,0.0
0.01,1.0,0.0,1.0,0.0,0.0,0.0,0.0
0.010100000000000001,1.0,0.0,1.0,0.0,0.0,0.0,0.0
0.0102,1.0,0.0,1.0,0.0,0.0,0.0,0.0
0.0103,1.0,0.0,1.0,0.0,0.0,0.0,0.0
0.010400000000000001,1.0,0.0,1.0,0.0,0.0,0.0,0.0
0.0105,1.0,0.0,1.0,0.0,0.0,0.0,0.0
0.0106,1.0,0.0,1.0,0.0,0.0,0.0,0.0
0.010700000000000001,1.0,0.0,1.0,0.0,0.0,0.0,0.0
0.0108,1.0,0.0,1.0,0.0,0.0,0.0,0.0
0.0109,1.0,0.0,1.0,0.0,0.0,0.0,0.0
0.011000000000000001,1.0,0.0,1.0,0.0,0.0,0.0,0.0
0.0111,1.0,0.0,1.0,0.0,0.0,0.0,0.0
0.0112,1.0,0.0,1.0,0.0,0.0,0.0,0.0
0.011300000000000001,1.0,0.0,1.0,0.0,0.0,0.0,0.0
0.0114,1.0,0.0,1.0,0.0,0.0,0.0,0.0
0.0115,1.0,0.0,1.0,0.0,0.0,0.0,0.0
0.011600000000000001,1.0,0.0,1.0,0.0,0.0,0.0,0.0
0.0117,1.0,0.0,1.0,0.0,0.0,0.0,0.0
0.0118,1.0,0.0,1.0,0.0,0.0,0.0,0.0
0.0119,1.0,0.0,1.0,0.0,0.0,0.0,0.0
0.012,1.0,0.0,1.0,0.0,0.0,0.0,0.0
0.012100000000000001,1.0,0.0,1.0,0.0,0.0,0.0,0.0
0.0122,1.0,0.0,1.0,0.0,0.0,0.0,0.0
0.0123,1.0,0.0,1.0,0.0,0.0,0.0,0.0
0.012400000000000001,1.0,0.0,1.0,0.0,0.0,0.0,0.0
0.0125,1.0,0.0,1.0,0.0,0.0,0.0,0.0
0.0126,1.0,0.0,1.0,0.0,0.0,0.0,0.0
0.012700000000000001,1.0,0.0,1.0,0.0,0.0,0.0,0.0
0.0128,1.0,0.0,1.0,0.0,0.0,0.0,0.0
0.0129,1.0,0.0,1.0,0.0,0.0,0.0,0.0
0.013000000000000001,1.0,0.0,1.0,0.0,0.0,0.0,0.0
0.0131,1.0,0.0,1.0,0.0,0.0,0.0,0.0
0.0132,1.0,0.0,1.0,0.0,0.0,0.0,0.0
0.013300000000000001,1.0,0.0,1.0,0.0,0.0,0.0,0.0
0.0134,1.0,0.0,1.0,0.0,0.0,0.0,0.0
0.0135,1.0,0.0,1.0,0.0,0.0,0.0,0.0
0.013600000000000001,1.0,0.0,1.0,0.0,0.0,0.0,0.0
0.0137,1.0,0.0,1.0,0.0,0.0,0.0,0.0
0.013800000000000002,1.0,0.0,1.0,0.0,0.0,0.0,0.0
0.013900000000000001,1.0,0.0,1.0,0.0,0.0,0.0,0.0
0.014,1.0,0.0,1.0,0.0,0.0,0.0,0.0
0.014100000000000001,1.0,0.0,1.0,0.0,0.0,0.0,0.0
0.0142,1.0,0.0,1.0,0.0,0.0,0.0,0.0
0.0143,1.0,0.0,1.0,0.0,0.0,0.0,0.0
0.014400000000000001,1.0,0.0,1.0,0.0,0.0,0.0,0.0
0.0145,1.0,0.0,1.0,0.0,0.0,0.0,0.0
0.0146,1.0,0.0,1.0,0.0,0.0,0.0,0.0
0.014700000000000001,1.0,0.0,1.0,0.0,0.0,0.0,0.0
0.0148,1.0,0.0,1.0,0.0,0.0,0.0,0.0
0.0149,1.0,0.0,1.0,0.0,0.0,0.0,0.0
0.015000000000000001,1.0,0.0,1.0,0.0,0.0,0.0,0.0
0.0151,1.0,0.0,1.0,0.0,0.0,0.0,0.0
0.0152,1.0,0.0,1.0,0.0,0.0,0.0,0.0
0.015300000000000001,1.0,0.0,1.0,0.0,0.0,0.0,0.0
0.0154,1.0,0.0,1.0,0.0,0.0,0.0,0.0
0.0155,1.0,0.0,1.0,0.0,0.0,0.0,0.0
0.015600000000000001,1.0,0.0,1.0,0.0,0.0,0.0,0.0
0.015700000000000002,1.0,0.0,1.0,0.0,0.0,0.0,0.0
0.0158,1.0,0.0,1.0,0.0,0.0,0.0,0.0
0.0159,1.0,0.0,1.0,0.0,0.0,0.0,0.0
0.016,1.0,0.0,1.0,0.0,0.0,0.0,0.0
0.0161,1.0,0.0,1.0,0.0,0.0,0.0,0.0
0.0162,1.0,0.0,1.0,0.0,0.0,0.0,0.0
0.016300000000000002,1.0,0.0,1.0,0.0,0.0,0.0,0.0
0.0164,1.0,0.0,1.0,0.0,0.0,0.0,0.0
0.0165,1.0,0.0,1.0,0.0,0.0,0.0,0.0
0.0166,1.0,0.0,1.0,0.0,0.0,0.0,0.0
0.0167,1.0,0.0,1.0,0.0,0.0,0.0,0.0
0.016800000000000002,1.0,0.0,1.0,0.0,0.0,0.0,0.0
0.016900000000000002,1.0,0.0,1.0,0.0,0.0,0.0,0.0
0.017,1.0,0.0,1.0,0.0,0.0,0.0,0.0
0.0171,1.0,0.0,1.0,0.0,0.0,0.0,0.0
0.0172,1.0,0.0,1.0,0.0,0.0,0.0,0.0
0.0173,1.0,0.0,1.0,0.0,0.0,0.0,0.0
0.017400000000000002,1.0,0.0,1.0,0.0,0.0,0.0,0.0
0.0175,1.0,0.0,1.0,0.0,0.0,0.0,0.0
0.0176,1.0,0.0,1.0,0.0,0.0,0.0,0.0
0.0177,1.0,0.0,1.0,0.0,0.0,0.0,0.0
0.0178,1.0,0.0,1.0,0.0,0.0,0.0,0.0
0.0179,1.0,0.0,1.0,0.0,0.0,0.0,0.0
0.018000000000000002,1.0,0.0,1.0,0.0,0.0,0.0,0.0
0.0181,1.0,0.0,1.0,0.0,0.0,0.0,0.0
0.0182,1.0,0.0,1.0,0.0,0.0,0.0,0.0
0.0183,1.0,0.0,1.0,0.0,0.0,0.0,0.0
0.0184,1.0,0.0,1.0,0.0,0.0,0.0,0.0
0.018500000000000003,1.0,0.0,1.0,0.0,0.0,0.0,0.0
0.018600000000000002,1.0,0.0,1.0,0.0,0.0,0.0,0.0
0.0187,1.0,0.0,1.0,0.0,0.0,0.0,0.0
0.0188,1.0,0.0,1.0,0.0,0.0,0.0,0.0
0.0189,1.0,0.0,1.0,0.0,0.0,0.0,0.0
0.019,1.0,0.0,1.0,0.0,0.0,0.0,0.0
0.019100000000000002,1.0,0.0,1.0,0.0,0.0,0.0,0.0
0.019200000000000002,1.0,0.0,1.0,0.0,0.0,0.0,0.0
0.0193,1.0,0.0,1.0,0.0,0.0,0.0,0.0
0.0194,1.0,0.0,1.0,0.0,0.0,0.0,0.0
0.0195,1.0,0.0,1.0,0.0,0.0,0.0,0.0
0.0196,1.0,0.0,1.0,0.0,0.0,0.0,0.0
0.019700000000000002,1.0,0.0,1.0,0.0,0.0,0.0,0.0
0.0198,1.0,0.0,1.0,0.0,0.0,0.0,0.0
0.0199,1.0,0.0,1.0,0.0,0.0,0.0,0.0
0.02,1.0,0.0,1.0,0.0,0.0,0.0,0.0
0.0201,1.0,0.0,1.0,0.0,0.0,0.0,0.0
0.020200000000000003,1.0,0.0,1.0,0.0,0.0,0.0,0.0
0.020300000000000002,1.0,0.0,1.0,0.0,0.0,0.0,0.0
0.0204,1.0,0.0,1.0,0.0,0.0,0.0,0.0
0.0205,1.0,0.0,1.0,0.0,0.0,0.0,0.0
0.0206,1.0,0.0,1.0,0.0,0.0,0.0,0.0
0.0207,1.0,0.0,1.0,0.0,0.0,0.0,0.0
0.020800000000000003,1.0,0.0,1.0,0.0,0.0,0.0,0.0
0.020900000000000002,1.0,0.0,1.0,0.0,0.0,0.0,0.0
0.021,1.0,0.0,1.0,0.0,0.0,0.0,0.0
0.0211,1.0,0.0,1.0,0.0,0.0,0.0,0.0
0.0212,1.0,0.0,1.0,0.0,0.0,0.0,0.0
0.0213,1.0,0.0,1.0,0.0,0.0,0.0,0.0
0.021400000000000002,1.0,0.0,1.0,0.0,0.0,0.0,0.0
0.021500000000000002,1.0,0.0,1.0,0.0,0.0,0.0,0.0
0.0216,1.0,0.0,1.0,0.0,0.0,0.0,0.0
0.0217,1.0,0.0,1.0,0.0,0.0,0.0,0.0
0.0218,1.0,0.0,1.0,0.0,0.0,0.0,0.0
0.0219,1.0,0.0,1.0,0.0,0.0,0.0,0.0
0.022000000000000002,1.0,0.0,1.0,0.0,0.0,0.0,0.0
0.0221,1.0,0.0,1.0,0.0,0.0,0.0,0.0
0.0222,1.0,0.0,1.0,0.0,0.0,0.0,0.0
0.0223,1.0,0.0,1.0,0.0,0.0,0.0,0.0
0.0224,1.0,0.0,1.0,0.0,0.0,0.0,0.0
0.022500000000000003,1.0,0.0,1.0,0.0,0.0,0.0,0.0
0.022600000000000002,1.0,0.0,1.0,0.0,0.0,0.0,0.0
0.0227,1.0,0.0,1.0,0.0,0.0,0.0,0.0
0.0228,1.0,0.0,1.0,0.0,0.0,0.0,0.0
0.0229,1.0,0.0,1.0,0.0,0.0,0.0,0.0
0.023,1.0,0.0,1.0,0.0,0.0,0.0,0.0
0.023100000000000002,1.0,0.0,1.0,0.0,0.0,0.0,0.0
0.023200000000000002,1.0,0.0,1.0,0.0,0.0,0.0,0.0
0.0233,1.0,0.0,1.0,0.0,0.0,0.0,0.0
0.0234,1.0,0.0,1.0,0.0,0.0,0.0,0.0
0.0235,1.0,0.0,1.0,0.0,0.0,0.0,0.0
0.0236,1.0,0.0,1.0,0.0,0.0,0.0,0.0
0.023700000000000002,1.0,0.0,1.0,0.0,0.0,0.0,0.0
0.0238,1.0,0.0,1.0,0.0,0.0,0.0,0.0
0.0239,1.0,0.0,1.0,0.0,0.0,0.0,0.0
0.024,1.0,0.0,1.0,0.0,0.0,0.0,0.0
0.0241,1.0,0.0,1.0,0.0,0.0,0.0,0.0
0.024200000000000003,1.0,0.0,1.0,0.0,0.0,0.0,0.0
0.024300000000000002,1.0,0.0,1.0,0.0,0.0,0.0,0.0
0.0244,1.0,0.0,1.0,0.0,0.0,0.0,0.0
0.0245,1.0,0.0,1.0,0.0,0.0,0.0,0.0
0.0246,1.0,0.0,1.0,0.0,0.0,0.0,0.0
0.0247,1.0,0.0,1.0,0.0,0.0,0.0,0.0
0.024800000000000003,1.0,0.0,1.0,0.0,0.0,0.0,0.0
0.024900000000000002,1.0,0.0,1.0,0.0,0.0,0.0,0.0
0.025,1.0,0.0,1.0,0.0,0.0,0.0,0.0
0.0251,1.0,0.0,1.0,0.0,0.0,0.0,0.0
0.0252,1.0,0.0,1.0,0.0,0.0,0.0,0.0
0.0253,1.0,0.0,1.0,0.0,0.0,0.0,0.0
0.025400000000000002,1.0,0.0,1.0,0.0,0.0,0.0,0.0
0.025500000000000002,1.0,0.0,1.0,0.0,0.0,0.0,0.0
0.0256,1.0,0.0,1.0,0.0,0.0,0.0,0.0
0.0257,1.0,0.0,1.0,0.0,0.0,0.0,0.0
0.0258,1.0,0.0,1.0,0.0,0.0,0.0,0.0
0.025900000000000003,1.0,0.0,1.0,0.0,0.0,0.0,0.0
0.026000000000000002,1.0,0.0,1.0,0.0,0.0,0.0,0.0
0.0261,1.0,0.0,1.0,0.0,0.0,0.0,0.0
0.0262,1.0,0.0,1.0,0.0,0.0,0.0,0.0
0.0263,1.0,0.0,1.0,0.0,0.0,0.0,0.0
0.0264,1.0,0.0,1.0,0.0,0.0,0.0,0.0
0.026500000000000003,1.0,0.0,1.0,0.0,0.0,0.0,0.0
0.026600000000000002,1.0,0.0,1.0,0.0,0.0,0.0,0.0
0.0267,1.0,0.0,1.0,0.0,0.0,0.0,0.0
0.0268,1.0,0.0,1.0,0.0,0.0,0.0,0.0
0.0269,1.0,0.0,1.0,0.0,0.0,0.0,0.0
0.027,1.0,0.0,1.0,0.0,0.0,0.0,0.0
0.027100000000000003,1.0,0.0,1.0,0.0,0.0,0.0,0.0
0.027200000000000002,1.0,0.0,1.0,0.0,0.0,0.0,0.0
0.0273,1.0,0.0,1.0,0.0,0.0,0.0,0.0
0.0274,1.0,0.0,1.0,0.0,0.0,0.0,0.0
0.0275,1.0,0.0,1.0,0.0,0.0,0.0,0.0
0.027600000000000003,1.0,0.0,1.0,0.0,0.0,0.0,0.0
0.027700000000000002,1.0,0.0,1.0,0.0,0.0,0.0,0.0
0.027800000000000002,1.0,0.0,1.0,0.0,0.0,0.0,0.0
0.0279,1.0,0.0,1.0,0.0,0.0,0.0,0.0
0.028,1.0,0.0,1.0,0.0,0.0,0.0,0.0
0.0281,1.0,0.0,1.0,0.0,0.0,0.0,0.0
0.028200000000000003,1.0,0.0,1.0,0.0,0.0,0.0,0.0
0.028300000000000002,1.0,0.0,1.0,0.0,0.0,0.0,0.0
0.0284,1.0,0.0,1.0,0.0,0.0,0.0,0.0
0.0285,1.0,0.0,1.0,0.0,0.0,0.0,0.0
0.0286,1.0,0.0,1.0,0.0,0.0,0.0,0.0
0.0287,1.0,0.0,1.0,0.0,0.0,0.0,0.0
0.028800000000000003,1.0,0.0,1.0,0.0,0.0,0.0,0.0
0.028900000000000002,1.0,0.0,1.0,0.0,0.0,0.0,0.0
0.029,1.0,0.0,1.0,0.0,0.0,0.0,0.0
0.0291,1.0,0.0,1.0,0.0,0.0,0.0,0.0
0.0292,1.0,0.0,1.0,0.0,0.0,0.0,0.0
0.029300000000000003,1.0,0.0,1.0,0.0,0.0,0.0,0.0
0.029400000000000003,1.0,0.0,1.0,0.0,0.0,0.0,0.0
0.029500000000000002,1.0,0.0,1.0,0.0,0.0,0.0,0.0
0.0296,1.0,0.0,1.0,0.0,0.0,0.0,0.0
0.0297,1.0,0.0,1.0,0.0,0.0,0.0,0.0
0.0298,1.0,0.0,1.0,0.0,0.0,0.0,0.0
0.029900000000000003,1.0,0.0,1.0,0.0,0.0,0.0,0.0
0.030000000000000002,1.0,0.0,1.0,0.0,0.0,0.0,0.0
0.030100000000000002,1.0,0.0,1.0,0.0,0.0,0.0,0.0
0.0302,1.0,0.0,1.0,0.0,0.0,0.0,0.0
0.0303,1.0,0.0,1.0,0.0,0.0,0.0,0.0
0.0304,1.0,0.0,1.0,0.0,0.0,0.0,0.0
0.030500000000000003,1.0,0.0,1.0,0.0,0.0,0.0,0.0
0.030600000000000002,1.0,0.0,1.0,0.0,0.0,0.0,0.0
0.0307,1.0,0.0,1.0,0.0,0.0,0.0,0.0
0.0308,1.0,0.0,1.0,0.0,0.0,0.0,0.0
0.0309,1.0,0.0,1.0,0.0,0.0,0.0,0.0
0.031,1.0,0.0,1.0,0.0,0.0,0.0,0.0
0.031100000000000003,1.0,0.0,1.0,0.0,0.0,0.0,0.0
0.031200000000000002,1.0,0.0,1.0,0.0,0.0,0.0,0.0
0.0313,1.0,0.0,1.0,0.0,0.0,0.0,0.0
0.031400000000000004,1.0,0.0,1.0,0.0,0.0,0.0,0.0
0.0315,1.0,0.0,1.0,0.0,0.0,0.0,0.0
0.0316,1.0,0.0,1.0,0.0,0.0,0.0,0.0
0.0317,1.0,0.0,1.0,0.0,0.0,0.0,0.0
0.0318,1.0,0.0,1.0,0.0,0.0,0.0,0.0
0.031900000000000005,1.0,0.0,1.0,0.0,0.0,0.0,0.0
0.032,1.0,0.0,1.0,0.0,0.0,0.0,0.0
0.032100000000000004,1.0,0.0,1.0,0.0,0.0,0.0,0.0
0.0322,1.0,0.0,1.0,0.0,0.0,0.0,0.0
0.0323,1.0,0.0,1.0,0.0,0.0,0.0,0.0
0.0324,1.0,0.0,1.0,0.0,0.0,0.0,0.0
0.0325,1.0,0.0,1.0,0.0,0.0,0.0,0.0
0.032600000000000004,1.0,0.0,1.0,0.0,0.0,0.0,0.0
0.0327,1.0,0.0,1.0,0.0,0.0,0.0,0.0
0.0328,1.0,0.0,1.0,0.0,0.0,0.0,0.0
0.0329,1.0,0.0,1.0,0.0,0.0,0.0,0.0
0.033,1.0,0.0,1.0,0.0,0.0,0.0,0.0
0.033100000000000004,1.0,0.0,1.0,0.0,0.0,0.0,0.0
0.0332,1.0,0.0,1.0,0.0,0.0,0.0,0.0
0.0333,1.0,0.0,1.0,0.0,0.0,0.0,0.0
0.0334,1.0,0.0,1.0,0.0,0.0,0.0,0.0
0.0335,1.0,0.0,1.0,0.0,0.0,0.0,0.0
0.033600000000000005,1.0,0.0,1.0,0.0,0.0,0.0,0.0
0.0337,1.0,0.0,1.0,0.0,0.0,0.0,0.0
0.033800000000000004,1.0,0.0,1.0,0.0,0.0,0.0,0.0
0.0339,1.0,0.0,1.0,0.0,0.0,0.0,0.0
0.034,1.0,0.0,1.0,0.0,0.0,0.0,0.0
0.0341,1.0,0.0,1.0,0.0,0.0,0.0,0.0
0.0342,1.0,0.0,1.0,0.0,0.0,0.0,0.0
0.034300000000000004,1.0,0.0,1.0,0.0,0.0,0.0,0.0
0.0344,1.0,0.0,1.0,0.0,0.0,0.0,0.0
0.0345,1.0,0.0,1.0,0.0,0.0,0.0,0.0
0.0346,1.0,0.0,1.0,0.0,0.0,0.0,0.0
0.0347,1.0,0.0,1.0,0.0,0.0,0.0,0.0
0.034800000000000005,1.0,0.0,1.0,0.0,0.0,0.0,0.0
0.0349,1.0,0.0,1.0,0.0,0.0,0.0,0.0
0.035,1.0,0.0,1.0,0.0,0.0,0.0,0.0
0.0351,1.0,0.0,1.0,0.0,0.0,0.0,0.0
0.0352,1.0,0.0,1.0,0.0,0.0,0.0,0.0
0.035300000000000005,1.0,0.0,1.0,0.0,0.0,0.0,0.0
0.0354,1.0,0.0,1.0,0.0,0.0,0.0,0.0
0.035500000000000004,1.0,0.0,1.0,0.0,0.0,0.0,0.0
0.0356,1.0,0.0,1.0,0.0,0.0,0.0,0.0
0.0357,1.0,0.0,1.0,0.0,0.0,0.0,0.0
0.0358,1.0,0.0,1.0,0.0,0.0,0.0,0.0
0.0359,1.0,0.0,1.0,0.0,0.0,0.0,0.0
0.036000000000000004,1.0,0.0,1.0,0.0,0.0,0.0,0.0
0.0361,1.0,0.0,1.0,0.0,0.0,0.0,0.0
0.0362,1.0,0.0,1.0,0.0,0.0,0.0,0.0
0.0363,1.0,0.0,1.0,0.0,0.0,0.0,0.0
0.0364,1.0,0.0,1.0,0.0,0.0,0.0,0.0
0.036500000000000005,1.0,0.0,1.0,0.0,0.0,0.0,0.0
0.0366,1.0,0.0,1.0,0.0,0.0,0.0,0.0
0.0367,1.0,0.0,1.0,0.0,0.0,0.0,0.0
0.0368,1.0,0.0,1.0,0.0,0.0,0.0,0.0
0.0369,1.0,0.0,1.0,0.0,0.0,0.0,0.0
0.037000000000000005,1.0,0.0,1.0,0.0,0.0,0.0,0.0
0.0371,1.0,0.0,1.0,0.0,0.0,0.0,0.0
0.037200000000000004,1.0,0.0,1.0,0.0,0.0,0.0,0.0
0.0373,1.0,0.0,1.0,0.0,0.0,0.0,0.0
0.0374,1.0,0.0,1.0,0.0,0.0,0.0,0.0
0.0375,1.0,0.0,1.0,0.0,0.0,0.0,0.0
0.0376,1.0,0.0,1.0,0.0,0.0,0.0,0.0
0.037700000000000004,1.0,0.0,1.0,0.0,0.0,0.0,0.0
0.0378,1.0,0.0,1.0,0.0,0.0,0.0,0.0
0.0379,1.0,0.0,1.0,0.0,0.0,0.0,0.0
0.038,1.0,0.0,1.0,0.0,0.0,0.0,0.0
0.0381,1.0,0.0,1.0,0.0,0.0,0.0,0.0
0.038200000000000005,1.0,0.0,1.0,0.0,0.0,0.0,0.0
0.0383,1.0,0.0,1.0,0.0,0.0,0.0,0.0
0.038400000000000004,1.0,0.0,1.0,0.0,0.0,0.0,0.0
0.0385,1.0,0.0,1.0,0.0,0.0,0.0,0.0
0.0386,1.0,0.0,1.0,0.0,0.0,0.0,0.0
0.038700000000000005,1.0,0.0,1.0,0.0,0.0,0.0,0.0
0.0388,1.0,0.0,1.0,0.0,0.0,0.0,0.0
0.038900000000000004,1.0,0.0,1.0,0.0,0.0,0.0,0.0
0.039,1.0,0.0,1.0,0.0,0.0,0.0,0.0
0.0391,1.0,0.0,1.0,0.0,0.0,0.0,0.0
0.0392,1.0,0.0,1.0,0.0,0.0,0.0,0.0
0.0393,1.0,0.0,1.0,0.0,0.0,0.0,0.0
0.039400000000000004,1.0,0.0,1.0,0.0,0.0,0.0,0.0
0.0395,1.0,0.0,1.0,0.0,0.0,0.0,0.0
0.0396,1.0,0.0,1.0,0.0,0.0,0.0,0.0
0.0397,1.0,0.0,1.0,0.0,0.0,0.0,0.0
0.0398,1.0,0.0,1.0,0.0,0.0,0.0,0.0
0.039900000000000005,1.0,0.0,1.0,0.0,0.0,0.0,0.0
0.04,1.0,0.0,1.0,0.0,0.0,0.0,0.0
0.040100000000000004,1.0,0.0,1.0,0.0,0.0,0.0,0.0
0.0402,1.0,0.0,1.0,0.0,0.0,0.0,0.0
0.0403,1.0,0.0,1.0,0.0,0.0,0.0,0.0
0.040400000000000005,1.0,0.0,1.0,0.0,0.0,0.0,0.0
0.0405,1.0,0.0,1.0,0.0,0.0,0.0,0.0
0.040600000000000004,1.0,0.0,1.0,0.0,0.0,0.0,0.0
0.0407,1.0,0.0,1.0,0.0,0.0,0.0,0.0
0.0408,1.0,0.0,1.0,0.0,0.0,0.0,0.0
0.0409,1.0,0.0,1.0,0.0,0.0,0.0,0.0
0.041,1.0,0.0,1.0,0.0,0.0,0.0,0.0
0.041100000000000005,1.0,0.0,1.0,0.0,0.0,0.0,0.0
0.0412,1.0,0.0,1.0,0.0,0.0,0.0,0.0
0.0413,1.0,0.0,1.0,0.0,0.0,0.0,0.0
0.0414,1.0,0.0,1.0,0.0,0.0,0.0,0.0
0.0415,1.0,0.0,1.0,0.0,0.0,0.0,0.0
0.041600000000000005,1.0,0.0,1.0,0.0,0.0,0.0,0.0
0.0417,1.0,0.0,1.0,0.0,0.0,0.0,0.0
0.041800000000000004,1.0,0.0,1.0,0.0,0.0,0.0,0.0
0.0419,1.0,0.0,1.0,0.0,0.0,0.0,0.0
0.042,1.0,0.0,1.0,0.0,0.0,0.0,0.0
0.042100000000000005,1.0,0.0,1.0,0.0,0.0,0.0,0.0
0.0422,1.0,0.0,1.0,0.0,0.0,0.0,0.0
0.042300000000000004,1.0,0.0,1.0,0.0,0.0,0.0,0.0
0.0424,1.0,0.0,1.0,0.0,0.0,0.0,0.0
0.0425,1.0,0.0,1.0,0.0,0.0,0.0,0.0
0.0426,1.0,0.0,1.0,0.0,0.0,0.0,0.0
0.0427,1.0,0.0,1.0,0.0,0.0,0.0,0.0
0.042800000000000005,1.0,0.0,1.0,0.0,0.0,0.0,0.0
0.0429,1.0,0.0,1.0,0.0,0.0,0.0,0.0
0.043000000000000003,1.0,0.0,1.0,0.0,0.0,0.0,0.0
0.0431,1.0,0.0,1.0,0.0,0.0,0.0,0.0
0.0432,1.0,0.0,1.0,0.0,0.0,0.0,0.0
0.043300000000000005,1.0,0.0,1.0,0.0,0.0,0.0,0.0
0.0434,1.0,0.0,1.0,0.0,0.0,0.0,0.0
0.043500000000000004,1.0,0.0,1.0,0.0,0.0,0.0,0.0
0.0436,1.0,0.0,1.0,0.0,0.0,0.0,0.0
0.0437,1.0,0.0,1.0,0.0,0.0,0.0,0.0
0.0438,1.0,0.0,1.0,0.0,0.0,0.0,0.0
0.0439,1.0,0.0,1.0,0.0,0.0,0.0,0.0
0.044000000000000004,1.0,0.0,1.0,0.0,0.0,0.0,0.0
0.0441,1.0,0.0,1.0,0.0,0.0,0.0,0.0
0.0442,1.0,0.0,1.0,0.0,0.0,0.0,0.0
0.0443,1.0,0.0,1.0,0.0,0.0,0.0,0.0
0.0444,1.0,0.0,1.0,0.0,0.0,0.0,0.0
0.044500000000000005,1.0,0.0,1.0,0.0,0.0,0.0,0.0
0.0446,1.0,0.0,1.0,0.0,0.0,0.0,0.0
0.044700000000000004,1.0,0.0,1.0,0.0,0.0,0.0,0.0
0.0448,1.0,0.0,1.0,0.0,0.0,0.0,0.0
0.0449,1.0,0.0,1.0,0.0,0.0,0.0,0.0
0.045000000000000005,1.0,0.0,1.0,0.0,0.0,0.0,0.0
0.0451,1.0,0.0,1.0,0.0,0.0,0.0,0.0
0.045200000000000004,1.0,0.0,1.0,0.0,0.0,0.0,0.0
0.0453,1.0,0.0,1.0,0.0,0.0,0.0,0.0
0.0454,1.0,0.0,1.0,0.0,0.0,0.0,0.0
0.0455,1.0,0.0,1.0,0.0,0.0,0.0,0.0
0.0456,1.0,0.0,1.0,0.0,0.0,0.0,0.0
0.045700000000000005,1.0,0.0,1.0,0.0,0.0,0.0,0.0
0.0458,1.0,0.0,1.0,0.0,0.0,0.0,0.0
0.0459,1.0,0.0,1.0,0.0,0.0,0.0,0.0
0.046,1.0,0.0,1.0,0.0,0.0,0.0,0.0
0.0461,1.0,0.0,1.0,0.0,0.0,0.0,0.0
0.046200000000000005,1.0,0.0,1.0,0.0,0.0,0.0,0.0
0.0463,1.0,0.0,1.0,0.0,0.0,0.0,0.0
0.046400000000000004,1.0,0.0,1.0,0.0,0.0,0.0,0.0
0.0465,1.0,0.0,1.0,0.0,0.0,0.0,0.0
0.0466,1.0,0.0,1.0,0.0,0.0,0.0,0.0
0.046700000000000005,1.0,0.0,1.0,0.0,0.0,0.0,0.0
0.0468,1.0,0.0,1.0,0.0,0.0,0.0,0.0
0.046900000000000004,1.0,0.0,1.0,0.0,0.0,0.0,0.0
0.047,1.0,0.0,1.0,0.0,0.0,0.0,0.0
0.0471,1.0,0.0,1.0,0.0,0.0,0.0,0.0
0.0472,1.0,0.0,1.0,0.0,0.0,0.0,0.0
0.0473,1.0,0.0,1.0,0.0,0.0,0.0,0.0
0.047400000000000005,1.0,0.0,1.0,0.0,0.0,0.0,0.0
0.0475,1.0,0.0,1.0,0.0,0.0,0.0,0.0
0.0476,1.0,0.0,1.0,0.0,0.0,0.0,0.0
0.0477,1.0,0.0,1.0,0.0,0.0,0.0,0.0
0.0478,1.0,0.0,1.0,0.0,0.0,0.0,0.0
0.047900000000000005,1.0,0.0,1.0,0.0,0.0,0.0,0.0
0.048,1.0,0.0,1.0,0.0,0.0,0.0,0.0
0.048100000000000004,1.0,0.0,1.0,0.0,0.0,0.0,0.0
0.0482,1.0,0.0,1.0,0.0,0.0,0.0,0.0
0.0483,1.0,0.0,1.0,0.0,0.0,0.0,0.0
0.048400000000000006,1.0,0.0,1.0,0.0,0.0,0.0,0.0
0.0485,1.0,0.0,1.0,0.0,0.0,0.0,0.0
0.048600000000000004,1.0,0.0,1.0,0.0,0.0,0.0,0.0
0.0487,1.0,0.0,1.0,0.0,0.0,0.0,0.0
0.0488,1.0,0.0,1.0,0.0,0.0,0.0,0.0
0.0489,1.0,0.0,1.0,0.0,0.0,0.0,0.0
0.049,1.0,0.0,1.0,0.0,0.0,0.0,0.0
0.049100000000000005,1.0,0.0,1.0,0.0,0.0,0.0,0.0
0.0492,1.0,0.0,1.0,0.0,0.0,0.0,0.0
0.049300000000000004,1.0,0.0,1.0,0.0,0.0,0.0,0.0
0.0494,1.0,0.0,1.0,0.0,0.0,0.0,0.0
0.0495,1.0,0.0,1.0,0.0,0.0,0.0,0.0
0.049600000000000005,1.0,0.0,1.0,0.0,0.0,0.0,0.0
0.0497,1.0,0.0,1.0,0.0,0.0,0.0,0.0
0.049800000000000004,1.0,0.0,1.0,0.0,0.0,0.0,0.0
0.0499,0.9999999999999702,-4.743384504624082e-20,1.000000000000113,47149.215207394256,217.13870039076136,217.13870039076133,0.0012500000000000033
0.05,0.6436861424766172,-5.670967872587664e-07,0.9850206666428574,49724.630926723745,226.38124377267874,222.9902036564008,0.0012505288893892286
0.050100000000000006,0.9570655757244656,-6.833362496614901e-08,0.9720662029388109,52297.32958007583,235.25773583029616,228.68609398053937,0.0012510143793904728
0.0502,0.9893916409695387,-1.6884234214615076e-08,0.9607542730015143,54862.012263010205,243.7942968105093,234.2264123940999,0.0012515088135842704
0.050300000000000004,1.1069645793078873,1.7024622388963557e-07,0.9507617643289679,57436.57498032947,252.07081138465125,239.6592893679051,0.0012520026853675799
0.0504,1.345824955873302,5.504250274928349e-07,0.9418882206822069,60002.913073094285,260.06793068744156,244.95492049169857,0.0012524705648833568
0.0505,1.3086687587375998,4.912910586097069e-07,0.9340507648755317,62594.3915437281,267.8534414523604,250.18871186312222,0.0012529937738506502
0.0506,1.2558056663433355,4.071558573554464e-07,0.9269493695780746,65178.76689247953,275.42100362320394,255.30132567708995,0.001253516206717561
0.0507,1.2491492744024444,3.965651038213239e-07,0.9205303382312173,67748.39729955725,282.75572478787154,260.2852229757893,0.001253999929206802
0.050800000000000005,1.3543565414307017,5.64026702106606e-07,0.9146924351748945,70320.11214287726,289.91099735076386,265.1793961507503,0.0012545089702916594
0.0509,1.3400470316822148,5.412557718346474e-07,0.9093504858407631,72896.37564575915,296.9078395552121,269.99328814946296,0.0012550155345251433
0.051000000000000004,1.334836947476276,5.329681644912819e-07,0.904458012504442,75457.72086879013,303.7130347156671,274.69568775062936,0.001255506534529463
0.0511,1.4741002641165921,7.546445384904928e-07,0.9000479842378643,78033.22490402212,310.3659822080585,279.3442766623697,0.0012560184148655456
0.0512,1.4382037202167124,6.975135329484277e-07,0.8959853991953484,80633.43643995294,316.92511161324126,283.96027264382064,0.001256507769726784
0.051300000000000005,1.5344567747044144,8.507334438261273e-07,0.8921463235170382,83207.12900922661,323.32864224733436,288.4564594687153,0.0012570270001867245
0.0514,1.556715047053192,8.861724023605979e-07,0.8886463293321362,85800.8939481878,329.6225805356101,292.9178962579592,0.0012575334536642742
0.051500000000000004,1.8196442888696531,1.3047130909742717e-06,0.8853682255224191,88379.74531394005,335.7781570249525,297.287311054377,0.0012580595195849492
0.0516,1.89757175767258,1.4287726338549552e-06,0.8822876695754518,90951.76908341798,341.8183438559946,301.58211001884126,0.0012585615664833212
0.0517,1.882779258609951,1.405239686443386e-06,0.8793722556126321,93539.3752802342,347.79591210338606,305.84207571920984,0.0012590808435916667
0.051800000000000006,1.8534845705392222,1.3586209328542326e-06,0.8766793093144754,96100.42892432991,353.6078569654749,310.0006918126622,0.0012595983270737184
0.0519,1.7428835369686353,1.182572302277233e-06,0.8741679324532431,98667.11475944697,359.3282343008942,314.11321965088837,0.0012600827648512486
0.052000000000000005,1.7598551942758482,1.2096010269028011e-06,0.8717661093494964,101249.14195496835,365.0023783108923,318.19670324340007,0.0012606026915982203
0.0521,1.9722068594127014,1.5476556322338364e-06,0.8694710037283963,103819.15591447364,370.58142215455496,322.2098010838185,0.001261102539510315
0.0522,2.038969743721116,1.653951968917912e-06,0.8673623935285425,106405.82857180531,376.08163004773087,326.19906280031853,0.0012615876103129007
0.0523,1.8898504091626926,1.4165807592415949e-06,0.8652903772799434,108970.85990383787,381.4989218636774,330.1073460313152,0.0012620938541242353
0.0524,2.135444625538928,1.8075679590462787e-06,0.8633652944059679,111551.51030142998,386.850480313237,333.99327882673236,0.0012625772242598082
0.052500000000000005,2.2490697343744666,1.988473016161888e-06,0.8615513759044865,114130.58009872223,392.12075665591044,337.83217741760797,0.001263091994760721
0.0526,2.3912157845060373,2.2147864315611407e-06,0.8597760781699176,116699.03378633213,397.3271780078118,341.6124028578756,0.0012636127043002727
0.052700000000000004,2.6618715458549334,2.6456911883924085e-06,0.8581592822997902,119270.19661284277,402.43714856731236,345.3551745853002,0.0012641055060199757
0.0528,2.766706961984234,2.8126167602933633e-06,0.856621849927692,121850.67066296145,407.4973737644705,349.0711541547952,0.001264614127918445
0.0529,2.7844689056089003,2.840922364800144e-06,0.8551335858958117,124447.66540214414,412.53368192129795,352.7714067241621,0.0012650794196769415
0.053000000000000005,2.589206668099612,2.530084934141102e-06,0.8537188586286737,127002.91337598198,417.4379862454749,356.3746811657386,0.0012655701723066901
0.0531,2.554263864259598,2.4744792302359707e-06,0.8523782630157347,129568.67132112186,422.2966503657294,359.95648531610226,0.0012660576983232923
0.053200000000000004,2.5512534632211947,2.4697111804902162e-06,0.8510270000602581,132125.77659214943,427.12052095914885,363.49109561604155,0.0012665785144811426
0.0533,2.4131582164446788,2.249875738490656e-06,0.8498309488899279,134730.39017286088,431.9169430452338,367.05638554977037,0.0012670917167124645
0.0534,2.58692227257183,2.5265490903185922e-06,0.8486317093795858,137320.03425622827,436.66430919900495,370.56717914061045,0.001267611357830898
0.053500000000000006,2.76619703550145,2.8120016916031936e-06,0.847494982358596,139881.5224575478,441.309259260622,374.0073828917652,0.0012681115547602516
0.0536,2.643991482166779,2.617461665613556e-06,0.8463955434885589,142458.06268233218,445.9335510985758,377.4361703418646,0.001268624711990323
0.053700000000000005,2.798968527507749,2.8642351692954134e-06,0.8453070760633071,145047.05332688143,450.5468428117555,380.85043432675957,0.001269155332004841
0.0538,2.5423417744076526,2.4556703681499893e-06,0.8442904157022567,147588.23164899516,455.0236872274105,384.172138043607,0.0012696707599547117
0.0539,2.7267423845610352,2.749294973254941e-06,0.8432842296264906,150156.503633655,459.5133095762081,387.5003272690962,0.0012701739747240778
0.054,2.5304784939790324,2.4368307178015613e-06,0.8423666850061128,152746.70547621857,463.96449087909394,390.82823014237175,0.0012707116045090026
0.0541,2.5323785103681358,2.4398803123618354e-06,0.841485784516814,155340.57992727595,468.3771259730857,394.1326932991937,0.0012712032726240937
0.054200000000000005,2.470561983896159,2.341478340939573e-06,0.840590816976072,157876.72923531252,472.687827863522,397.33704739844296,0.0012717111252151163
0.0543,2.3777639100632064,2.1937440454892702e-06,0.8397413028853823,160431.22177667878,476.97863990403926,400.5386645215144,0.0012721996680006573
0.054400000000000004,2.4643353383247892,2.331610670319729e-06,0.8389165728874277,163002.14791142487,481.2579198815116,403.7352448219326,0.0012726873758182942
0.0545,2.352542988495327,2.1536290893432618e-06,0.8381239628995578,165570.00657727453,485.4925559022605,406.9029449110364,0.0012731516673280836
0.0546,2.1545773387035956,1.8384304335168928e-06,0.8373118493257984,168129.01610840394,489.70450412394416,410.03538397119377,0.0012736677961905196
0.054700000000000006,2.2699070374618913,2.022089815075753e-06,0.8365489406741876,170670.02151919753,493.8411417329077,413.12228397800027,0.0012741817439031894
0.0548,2.241421943281212,1.9767523767836964e-06,0.8358289559953528,173215.64545948466,497.939003361772,416.1918373292341,0.0012746628301153432
0.054900000000000004,2.3816267394113932,2.2000265499008595e-06,0.8351448967016866,175761.09402741687,501.9951739487664,419.23870769219053,0.0012751442591897382
0.055,2.4548866044685527,2.316704687840935e-06,0.8344958453450892,178381.73996829908,506.1171095130278,422.3526251466894,0.0012756541158811586
0.0551,2.5370432587144567,2.4475521990715802e-06,0.8338711530106834,180959.9252492447,510.14337848255775,425.39384721601954,0.0012761541635393943
0.055200000000000006,2.6475045756651143,2.6234744668746465e-06,0.8332576534151953,183504.04038867552,514.0951469748917,428.3737158004402,0.0012766253771100062
0.0553,2.6035208001192363,2.5534605352629896e-06,0.8326153902909911,186061.24569308304,518.064135335366,431.348172238025,0.0012771374805611332
0.055400000000000005,2.807034270453295,2.877565919487311e-06,0.8319783587608738,188642.02862154786,522.0441090592094,434.3294010558695,0.0012776236976974839
0.0555,2.464360024859187,2.331906305705412e-06,0.8313901650024131,191185.27720583693,525.9232128790858,437.24738673414276,0.0012780814852141134
0.055600000000000004,2.5209185251661923,2.421996558487235e-06,0.8308265275014362,193768.59834134576,529.8236548301387,440.1915473306423,0.001278559236568579
0.0557,2.6801826351074296,2.6756444591223944e-06,0.8302864543862605,196345.1687861605,533.6815107762097,443.1085293538827,0.001279038975398982
0.0558,2.9317768304351155,3.076332009696038e-06,0.8297442668697185,198886.25647268113,537.4748242302306,445.96665399184434,0.0012795483319816801
0.055900000000000005,3.000263638558312,3.1854282811421173e-06,0.8292338805264482,201476.16501141258,541.2959775888504,448.86096400936145,0.0012800448916312766
0.056,2.7241031251949384,2.7456689347257213e-06,0.8287020077509016,204025.28786310556,545.0591173525,451.6915848929499,0.0012805311888200329
0.056100000000000004,2.867378857810283,2.9738681390611996e-06,0.8282201539678591,206618.53937407656,548.8312719050368,454.5531205195695,0.0012810673455854193
0.0562,2.982713149621207,3.157573707087759e-06,0.8277306381564284,209165.77786525362,552.5305355289798,457.34645277432486,0.0012815537797130935
0.0563,3.3162924537151772,3.6888529402111542e-06,0.8272746217634752,211737.14776230563,556.222852003164,460.14904950712014,0.0012820486157261153
0.056400000000000006,3.1474319511783584,3.4199653016870302e-06,0.826819660544337,214284.02093448042,559.8660057859906,462.9082208542853,0.001282568468981939
0.0565,3.1927101368842385,3.4921094988866338e-06,0.8263802587557691,216856.69627254037,563.516302567477,465.6787479288057,0.0012830496112285492
0.056600000000000004,3.2658316914630934,3.608598921014363e-06,0.825972313196885,219388.73799542748,567.0765324280368,468.389515249246,0.0012836034603393015
0.0567,3.508018066001967,3.9943486320146065e-06,0.8255980113682069,221929.79583898638,570.6097243224466,471.09425366797717,0.0012841268158602702
0.0568,3.226178218351329,3.5455170317001335e-06,0.8251700992795284,224491.04108871598,574.190528603326,473.80485549297214,0.0012846303588686964
0.056900000000000006,3.308569360809848,3.6767738100637093e-06,0.8247939635074663,227080.58445602443,577.7560845609758,476.52973092559716,0.0012851206782320923
0.057,3.1502394100711424,3.4246417174918244e-06,0.8244437209010027,229647.10536331224,581.2587091824583,479.21509300450134,0.001285620078640644
0.057100000000000005,3.2872582444923557,3.642905171081339e-06,0.8240952118523995,232231.11129642953,584.7669369501798,481.90363279024064,0.001286136404391027
0.0572,3.533643812074692,4.035362594085004e-06,0.8237515313280669,234814.01618890854,588.2551979442877,484.5761201183048,0.0012866311523673482
0.057300000000000004,3.5454400609939203,4.054191116472843e-06,0.8234200973718099,237419.49979010044,591.7479064735398,487.2571187680086,0.00128713409585815
0.0574,3.660420476574105,4.237365864666592e-06,0.8230342649177849,239938.63383910587,595.1578614114626,489.83531297682947,0.0012876200194666405
0.0575,3.9028056932662163,4.623469393963484e-06,0.8226890229505828,242527.81617808974,598.6115270669794,492.47113232969565,0.0012881295221862882
0.057600000000000005,3.814737802859516,4.483243275360012e-06,0.8223695042863253,245126.91236994194,602.0443711803929,495.10293108599456,0.0012886408475369622
0.0577,3.7937273491623733,4.449822812410841e-06,0.8220095353015268,247688.11466872788,605.4464378146502,497.68274499798156,0.0012891682805008943
0.057800000000000004,3.79548469923199,4.452666388132578e-06,0.8216711266734361,250275.1096790393,608.8506919559169,500.27503403531784,0.0012896531968234093
0.0579,3.7000197090519125,4.3006520906301745e-06,0.8214101703755458,252861.3280937074,612.1828114027076,502.8531874152826,0.0012901401736048776
0.058,3.6398624836305213,4.20487431815768e-06,0.8210959160531548,255444.0990654617,615.5368323602977,505.41477923133914,0.0012906471796880101
0.058100000000000006,3.5995252701888205,4.140665022548222e-06,0.8208365307911192,258044.82892810294,618.8578498019625,507.9811304842966,0.0012911609783078715
0.0582,3.5191763217757255,4.012720942052467e-06,0.8204830708455682,260548.52875042852,622.120751536924,510.43954465776574,0.001291661031094665
0.058300000000000005,3.8621455784005296,4.5590720031012165e-06,0.8202277095700923,263191.7276623806,625.463082085297,513.0221512394796,0.0012921873752718934
0.0584,3.909964462339603,4.635288346981682e-06,0.8199457453012743,265732.40448624565,628.6908533670825,515.492390328164,0.0012926534056177422
0.0585,3.9592045745276994,4.713770112774358e-06,0.8196458098182976,268345.75760561717,632.0059163590944,518.0210011240991,0.0012931559487267357
0.058600000000000006,4.003755078653568,4.784783210156066e-06,0.8193309868380158,270889.54234022886,635.2383948524177,520.470500931829,0.001293630837664824
0.0587,4.180169184422027,5.065849821428791e-06,0.8190853406699552,273459.28296266776,638.4357266575086,522.9333446651395,0.0012941765018946265
0.058800000000000005,4.167696851979653,5.046032430234946e-06,0.8188341505299379,276031.63888342853,641.6282614157011,525.3871323923197,0.0012946990678447989
0.0589,4.158981673321637,5.03219971900429e-06,0.818600401735939,278639.9506880606,644.8366882324606,527.8635720411697,0.0012952080732687044
0.059000000000000004,4.242646061541746,5.165527151842448e-06,0.81835528158501,281244.81215005566,648.0378469463459,530.325194715522,0.0012957078833395457
0.0591,4.203056314862584,5.1025117541788755e-06,0.8181015911004791,283801.9127806141,651.1790529850128,532.7306193383429,0.0012961909819399371
0.0592,4.013388492297318,4.800416316585046e-06,0.8178842474029299,286371.6371113325,654.2943309895365,535.1370264813779,0.0012967150196271594
0.059300000000000005,3.918662165152502,4.6495609423178e-06,0.8176908066549865,288986.4458639849,657.4301572822288,537.5745956274209,0.0012972268904992582
0.0594,3.9511457919529818,4.701355792378935e-06,0.8174769814441144,291564.81577879965,660.5292054594105,539.9674210346407,0.0012977166008919024
0.059500000000000004,3.7783235439543774,4.42608359039822e-06,0.8172464949270267,294098.9975864934,663.5806377591985,542.3089503101477,0.0012982034717755446
0.0596,3.678129749495629,4.266509769392884e-06,0.8170313505876751,296651.1754247202,666.6291731715049,544.6569336974617,0.0012987075352963906
0.0597,3.5665538155664143,4.088799771657621e-06,0.8167741053275961,299202.6589510543,669.7007167536035,546.994203763671,0.0012992280753434048
0.059800000000000006,3.5148819167980605,4.006520828805298e-06,0.8165682687875049,301776.5035425003,672.7445863391815,549.3418822031497,0.0012997127994709503
0.0599,3.7738713901343317,4.419167531013811e-06,0.8163411624857532,304325.7416836997,675.7680411878711,551.6572683140365,0.0013002121629742149
0.060000000000000005,3.598690550798926,4.140121151810735e-06,0.8161490826825739,306892.569504665,678.7716419641155,553.9788529399465,0.0013007019003338145
0.0601,3.788526783994667,4.442604385008152e-06,0.8159674044184717,309499.8760984653,681.8006791188161,556.3271304713301,0.0013011724191263948
0.060200000000000004,3.787218048492877,4.440563697160867e-06,0.8157900480961312,312084.7054996422,684.7906780599887,558.6454201903405,0.0013016618704364282
0.0603,3.893408474708892,4.6097911047635056e-06,0.8156155750849298,314674.20173135493,687.7728992657989,560.9582887625005,0.0013021330536010138
0.0604,3.959800724610285,4.715614629251352e-06,0.8154069018178473,317264.27310828655,690.7743478650669,563.2621708478976,0.0013026414695291371
0.060500000000000005,4.265370779556285,5.202507009710205e-06,0.8152380025056959,319880.35175545455,693.7601758225379,565.5796599555672,0.0013031501162638064
0.0606,4.344598670636379,5.328788979176107e-06,0.815043554389855,322441.91161940864,696.6985816292579,567.8396883094812,0.0013036721404447935
0.060700000000000004,4.71866367774447,5.924828027184594e-06,0.814875935085669,325025.8150746051,699.628408290453,570.110353418184,0.0013041669304119114
0.0608,4.5272521120493,5.6199142252184e-06,0.8146921223913545,327584.55550943996,702.5353665587772,572.3500288367613,0.0013046456692661242
0.0609,4.460035835876743,5.512874670722411e-06,0.8145207944493089,330199.34173234954,705.4819804271038,574.6297431671517,0.0013051622035471784
0.061000000000000006,4.341028480035362,5.3233134319856775e-06,0.8143524644370611,332804.9124830387,708.406355962814,576.8924618011864,0.0013056575592018437
0.0611,4.403106237303128,5.422277057353935e-06,0.8141622429328027,335365.606387135,711.2926199348524,579.1075948277106,0.0013061643192119393
0.061200000000000004,4.548035572902421,5.653254023295993e-06,0.8139419472273642,337947.5076725427,714.2186609293967,581.3325276230003,0.0013066418964134
0.0613,4.79935215425042,6.053749159298407e-06,0.8138026168072944,340565.00615493377,717.1019914425301,583.5794771536575,0.001307132091965711
0.0614,4.7981378793238285,6.051874818661598e-06,0.8136458566412469,343124.49028693483,719.9302814991754,585.7682906123639,0.00130759251583127
0.061500000000000006,4.609705877489831,5.75168858270215e-06,0.8135046176456265,345720.74631134723,722.774294538638,587.9802261227356,0.0013081042506672364
0.0616,4.754823697372131,5.98297839449674e-06,0.8133032500580745,348251.3063119519,725.5943114886502,590.1282117573708,0.001308636274648415
0.061700000000000005,4.871598530051376,6.16911033862588e-06,0.8131441214424514,350816.3015640396,728.404057334261,592.2974772561829,0.0013091214610926924
0.0618,4.906897540343579,6.225418912607794e-06,0.8130050592253307,353336.3382667325,731.1406051065015,594.4210109566557,0.0013096028312667984
0.061900000000000004,4.891234047662321,6.200521950530603e-06,0.8128694551856056,355938.92055032117,733.9507775944937,596.6061687162769,0.0013101198891288873
0.062,5.160602678429771,6.629816030766948e-06,0.8127211989435233,358532.8430565981,736.7546481609944,598.7761209806227,0.0013106391383787882
0.0621,5.465253631450244,7.115340741211065e-06,0.8125822647374098,361095.92106399115,739.5098313589514,600.9125735612406,0.001311133789009957
0.062200000000000005,5.514157527171222,7.193340485756726e-06,0.812447640000894,363662.3224207521,742.2560949991879,603.0442126583681,0.0013116547219946529
0.0623,5.67271148979321,7.446071653240905e-06,0.8122867931104192,366244.7405076368,745.0343666920884,605.1815764773745,0.0013121320617323795
0.062400000000000004,5.768587856897917,7.598928700642342e-06,0.8121740877516901,368862.5163530363,747.7959918528511,607.3405275074545,0.0013126420783083107
0.0625,5.853677287776354,7.73459922864542e-06,0.8119915637276525,371385.51717972057,750.5177444801845,609.4140769458154,0.0013131511413917898
0.0626,5.6587696041113675,7.424077350325954e-06,0.8118447387818452,373939.71169951535,753.2303553896814,611.5061011138945,0.0013136552682262428
0.0627,5.497220300616736,7.166708726879107e-06,0.8116984119282924,376566.9991724601,756.0080718803425,613.6505513502461,0.00131418085624946
0.06280000000000001,5.5491656770259645,7.249560559412341e-06,0.8115807346681061,379149.325789521,758.7058187927696,615.7510258128058,0.0013146795748719443
0.0629,5.253781036644771,6.778902629310495e-06,0.8114590724976084,381778.9723828822,761.4464777592389,617.8826525990881,0.0013151747803420483
0.063,5.406174560835522,7.021829830231487e-06,0.8113416326863239,384351.5723645255,764.1182447059592,619.9609442251362,0.0013156646200968576
0.0631,5.337314143364069,6.912160544228346e-06,0.811191746565322,386932.81006628677,766.8214547103277,622.039235150234,0.001316204533957841
0.0632,5.271690307396198,6.807647096109999e-06,0.8110739066733257,389510.98071074137,769.4836970021368,624.108148248956,0.0013167105752351386
0.06330000000000001,5.325088271953558,6.8928144359373684e-06,0.8109622273064921,392077.4208656153,772.1208676981421,626.160858618307,0.0013172029592210862
0.0634,5.496954576143943,7.166786196464309e-06,0.8108202330295755,394611.0580574625,774.7472585244298,628.180752695798,0.0013176866128293103
0.0635,5.246315741608243,6.767411232702161e-06,0.8107060675378774,397175.52028678043,777.3700656673694,630.2186289588576,0.001318200741944788
0.0636,5.316998342414478,6.880127753120655e-06,0.8106002663223436,399790.43552692194,780.0266806399945,632.2898350653146,0.0013187094861532708
0.0637,5.310523023700362,6.869876440171206e-06,0.8104520424971617,402346.34466986597,782.6592257623175,634.3077680983127,0.0013192367902646188
0.06380000000000001,5.209591739484935,6.709084653192311e-06,0.8103237823665448,404866.4105626605,785.2307318175965,636.2911366368874,0.0013197181441295825
0.0639,5.335359493853522,6.909597429307616e-06,0.8102222654390836,407483.727519854,787.8634644493291,638.3445210228203,0.001320242160050049
0.064,5.0970059850369696,6.529780220172632e-06,0.8101327142069997,410095.9969019172,790.4721894477905,640.3873803424921,0.0013207180473577863
0.0641,5.013303850277114,6.396440192211614e-06,0.8100321092176758,412703.2314501823,793.0794564926546,642.4198249199518,0.0013211894664014753
0.06420000000000001,5.2808815068132455,6.82297601787909e-06,0.8098896060314956,415216.16707468726,795.6302783533752,644.3726926823323,0.0013217061519714454
0.06430000000000001,5.373041244117674,6.969932100873787e-06,0.8097871248343035,417810.87360536895,798.2133770677401,646.3829156199681,0.001322215367056942
0.0644,5.479015251015557,7.138909084973341e-06,0.8096730771850268,420350.31339628255,800.7482333660618,648.344286159969,0.001322671231032963
0.0645,5.5183930185146615,7.201743510494442e-06,0.8095624759724015,422940.352320277,803.321131648958,650.3386443386854,0.0013231740388319044
0.0646,5.239744210206731,6.757680235189454e-06,0.8094757122756169,425512.2026863847,805.8462457433396,652.3129637577247,0.0013236644996319265
0.06470000000000001,4.905428133640337,6.22487977791278e-06,0.8093753438764606,428159.79139578075,808.4496359366935,654.3392020930565,0.001324189749437585
0.0648,5.036530580615054,6.433908801685355e-06,0.8092665078518174,430738.08073535014,810.9891933686904,656.3063924230447,0.0013247111217904843
0.0649,4.910188350321031,6.2325915549831875e-06,0.8091699033959182,433323.3396859991,813.516413645545,658.2729978405622,0.001325239003186784
0.065,4.8218379057756575,6.091827382175457e-06,0.8090655465467451,435884.3204295816,816.0220910984759,660.2153591288106,0.001325778209135215
0.0651,4.780225688647362,6.025559647110662e-06,0.8089699886987142,438484.9533969402,818.5494804664462,662.1819639622773,0.0013262809911188647
0.06520000000000001,4.845130434950486,6.1290769383026765e-06,0.8088520425242335,440998.2706583723,821.0117198939552,664.077006572561,0.0013267736995928306
0.0653,4.938603991851593,6.278134980898459e-06,0.808752450665467,443546.44497636694,823.4816796810933,665.9928265202032,0.0013272739584677354
0.0654,4.660082381753404,5.834229762067215e-06,0.8086533887068752,446065.3687621453,825.9178318130766,667.8812534890812,0.0013277590571752244
0.0655,4.711175008364563,5.915731280914968e-06,0.8085690088787524,448708.3196827654,828.4474576173939,669.8569397138232,0.001328258283847387
0.0656,4.709641105640317,5.913345223176453e-06,0.8084790301927378,451293.57238391985,830.9230643973139,671.7838732687161,0.0013287229236692984
0.06570000000000001,4.712334293557882,5.917697368584171e-06,0.8083948345882661,453880.9922471359,833.3884322226016,673.7069038143622,0.0013292522490457107
0.0658,5.005383560225277,6.384900307648337e-06,0.8082957062867687,456486.85724578064,835.8798715625037,675.6381111555056,0.0013297681476310819
0.0659,4.891652757652336,6.203666281585241e-06,0.8082167953079346,459062.7140627116,838.3167406901049,677.5416696135426,0.0013302760946038023
0.066,4.911726939528643,6.235728693347019e-06,0.8081008142677819,461598.76952132554,840.7498080868916,679.4106045105051,0.001330761247506566
0.0661,4.842281916649297,6.1250867304482015e-06,0.8080150431175861,464163.7740966185,843.171998046867,681.2956583573833,0.0013312242130815615
0.06620000000000001,4.918488411991502,6.246631945413398e-06,0.8079278598576838,466742.04308386863,845.6017581136674,683.1852187246601,0.0013317274629796518
0.0663,4.523697521050623,5.617334775393774e-06,0.8078256856081498,469330.712746149,848.0507248629317,685.0771582428868,0.0013322253875067086
0.0664,4.543513696057165,5.648981301484681e-06,0.8077064793364613,471886.57391129155,850.4822297198442,686.9400075052298,0.0013327147527515376
0.0665,4.359857257899538,5.3562542468657525e-06,0.8076221194648786,474389.1234958469,852.8234950848907,688.7591186299098,0.001333174707077305
0.0666,4.375512737250483,5.381265786578209e-06,0.8075672143214166,477029.5413625675,855.2517239352986,690.6732522420193,0.0013336839679224477
0.06670000000000001,4.1636694111603525,5.043594032993667e-06,0.8074853649522943,479642.2486372687,857.6775755388312,692.5620900953697,0.0013341996466847271
0.0668,3.9937151445663552,4.772696699181869e-06,0.8073976478252916,482171.9865789014,860.0298155118697,694.3860501039047,0.0013347074154127399
0.0669,4.13617421245657,4.99986037268956e-06,0.8073075106289689,484727.94503692596,862.4025581498504,696.2240623800122,0.0013351947222079409
0.067,4.009340167128348,4.797702492499492e-06,0.8071969930520725,487280.1563466236,864.7883442749373,698.0545511252175,0.0013356918804538086
0.0671,3.970691758481051,4.736133745066116e-06,0.8071242540326306,489871.5704490585,867.1629617097312,699.9082585946966,0.001336176671795684
0.06720000000000001,3.9209947309787463,4.656948927917828e-06,0.807044868924093,492451.1153993067,869.5286218921693,701.7486126807148,0.0013366737170662465
0.0673,4.1383496944957034,5.0035284105876045e-06,0.8069642652652259,494982.5111649006,871.8476955836333,703.5499350898282,0.0013371439347407428
0.0674,4.182568494634481,5.074077898676925e-06,0.8068875700195339,497577.3757823509,874.2130543311115,705.3916470885902,0.0013376296937969454
0.0675,4.292054805668644,5.248688059639715e-06,0.806818972653836,500159.2466071825,876.5527343161515,707.2193765778595,0.001338144286446099
0.06760000000000001,4.412388559194417,5.440596499320982e-06,0.8067461729302585,502755.98329830484,878.9045444997236,709.0528776461621,0.0013386672465393356
0.06770000000000001,4.4875915276945175,5.560553058725143e-06,0.8067002935306948,505383.2437410257,881.2481216309933,710.9031183930925,0.0013391669816463624
0.0678,4.576741754631546,5.7027494909112035e-06,0.8066372939306632,507967.99433757877,883.56779403038,712.7187343809424,0.0013396431964770705
0.0679,4.7607212525147595,5.996145858581843e-06,0.8065933706701828,510560.6210935656,885.8679903699159,714.5352483212856,0.001340152423128374
0.068,4.998477418141813,6.375291198581375e-06,0.8065098378837716,513121.226549782,888.1786328646087,716.3248052034642,0.0013406552032460453
0.06810000000000001,4.8166466876611995,6.085435614535051e-06,0.806455487286659,515725.5718874435,890.489764156359,718.1403566764914,0.0013411733732747986
0.0682,4.945383937478446,6.2907629432254445e-06,0.8063816158979824,518290.5853378762,892.7832671189685,719.9240135860664,0.0013417143768019734
0.0683,4.897999632320728,6.215272521079109e-06,0.8063281405466144,520905.55386767676,895.0920032597132,721.7378706065508,0.0013422345291629178
0.0684,4.791097957091514,6.044880539144156e-06,0.8062627960532294,523448.3890808045,897.346789797754,723.4973317717219,0.0013427614762732984
0.0685,4.693289398319001,5.888984213525017e-06,0.8062125169414207,526044.9698732385,899.625795089567,725.2895765645881,0.001343256536865337
0.06860000000000001,4.8543816053736215,6.145908568267947e-06,0.8061562659494369,528646.7367166264,901.9107095728336,727.0809698490453,0.0013437964964305696
0.0687,4.843952881315275,6.129340874915094e-06,0.8060506643657885,531180.6923249916,904.1881271886448,728.821440632055,0.0013442947377564412
0.0688,4.736744228026364,5.958451734210893e-06,0.8059931462566253,533745.5225016874,906.4331363859054,730.5788954669341,0.0013447744678281462
0.0689,4.940637384499673,6.283633706184353e-06,0.8059782741051026,536400.5414199685,908.7015495310851,732.3937065676956,0.0013452657981948253
0.069,5.092976417826121,6.526614537781117e-06,0.8058745689917433,538846.8902503226,910.8885426758013,734.0619117283796,0.001345734996664438
0.06910000000000001,4.995112545529379,6.370625474065053e-06,0.8058156705684049,541455.508766882,913.1574770037561,735.8366046663378,0.001346268251276381
0.0692,5.29087275376926,6.842314391251763e-06,0.8057551275213425,544059.812483479,915.4196822549792,737.6041028109008,0.0013467709159034255
0.0693,5.465686092189807,7.121146418169427e-06,0.8056774722869188,546623.1226687193,917.6620652141636,739.3396531153497,0.001347257639314191
0.0694,5.399218688151789,7.015225070132495e-06,0.8055904384733051,549196.3272854214,919.9188312112885,741.0778145953495,0.0013477617732283826
0.0695,5.681659383212441,7.465694330807903e-06,0.8055314569035132,551806.569980532,922.1698706376105,742.8368394072336,0.001348263893372089
0.06960000000000001,5.77567301429709,7.615690895317011e-06,0.8054645207913123,554374.7863952321,924.3901722913224,744.5634871488395,0.001348744237032084
0.0697,5.816072843741615,7.680192509760899e-06,0.8053988211727878,556936.3910914365,926.5989602376104,746.2817102753105,0.0013492555029704827
0.0698,5.6361562885336065,7.3933533131457944e-06,0.8053220573081,559487.8955834515,928.8075846804263,747.9892349382153,0.0013497483368542903
0.0699,5.598110603762297,7.332754416593329e-06,0.8052864510008263,562178.9014541281,931.0797453660947,749.785903744613,0.0013502292434633388
0.07,5.763367456821007,7.596370620222784e-06,0.8052337258422065,564768.8161830655,933.2830926959034,751.5110219970601,0.0013507155535276273
0.07010000000000001,5.410620518128778,7.033898340769235e-06,0.8051779369423518,567345.9085630968,935.4748100824103,753.2236776437014,0.001351208979737185
0.0702,5.255336074863318,6.786324034498029e-06,0.8051152733967339,569879.3780123955,937.6341256733978,754.9035554376418,0.0013517169765720457
0.0703,5.448319693923767,7.094161200656301e-06,0.8050497768079445,572427.296036597,939.8043123050302,756.5892518643125,0.0013522302031807659
0.0704,5.382511797508365,6.989280789908457e-06,0.8049834598337959,575013.2237506325,942.002291568254,758.2962638379735,0.001352710678582396
0.07050000000000001,5.153169127655205,6.623588523482351e-06,0.8049051615002438,577611.3363835203,944.2198838604767,760.0074581104583,0.0013532177175238976
0.07060000000000001,5.273903874738686,6.816207636236859e-06,0.8048454625250816,580202.3920410847,946.4055043455467,761.7101758812777,0.0013537164649765913
0.0707,4.974726438395706,6.3391297105266525e-06,0.8047853680048046,582788.3847929686,948.5830760044873,763.4057799053945,0.0013542277073142006
0.0708,4.92377110624184,6.257925562180313e-06,0.804722449410915,585345.2183350585,950.7359594608791,765.0785700403987,0.0013547325709771319
0.0709,4.696672010041578,5.895789653157296e-06,0.804676553419512,587927.7707935693,952.8853285216364,766.7644819588191,0.0013552461422805945
0.07100000000000001,4.5806984706881,5.710881457341424e-06,0.8046232093050378,590467.1727974176,955.0042918403441,768.418618200665,0.0013557677607941064
0.0711,4.91648924380052,6.246498874530494e-06,0.804578683526486,593048.3584090479,957.1423483756727,770.0963306035464,0.0013562700996493109
0.0712,5.3758586280144955,6.979227317912325e-06,0.8045345812062709,595657.6488729742,959.2982349985786,771.7886037465065,0.0013567919187157608
0.0713,5.340740843386423,6.923285672168936e-06,0.8044865586532502,598183.7646058089,961.3876048757287,773.4234057783686,0.0013572679655610663
0.0714,5.523555615956733,7.2149389665365296e-06,0.8044469766869623,600708.7639334331,963.461933259205,775.0540393633408,0.0013577568106947898
0.07150000000000001,5.717410418368782,7.524206779865338e-06,0.804384367931859,603231.4160997758,965.5579712901317,776.679738437776,0.0013582426685966231
0.0716,5.77777353124791,7.620561172203375e-06,0.8043512460585562,605811.1722012955,967.6602475497141,778.338725877937,0.00135874399142173
0.0717,6.005601972885762,7.984027784249694e-06,0.8043098144092068,608457.2348162506,969.8211735671887,780.0366881219428,0.001359222934926783
0.0718,5.935096599860579,7.871648944238774e-06,0.8042666191442243,611026.2785317028,971.9186155196411,781.6816989873225,0.001359682289166544
0.0719,5.918489183791066,7.845237814543904e-06,0.8041911770723439,613557.0878866474,974.0206955722645,783.29884966509,0.0013601972350694976
0.07200000000000001,5.604272567636564,7.344119766506601e-06,0.8041233209676866,616147.1216884659,976.1567336064419,784.9503944125797,0.0013607028216256294
0.0721,5.576621386399682,7.300087131063611e-06,0.8040508965370875,618710.3323982995,978.2731724177453,786.5814213406594,0.001361208440457338
0.0722,5.639959257902122,7.401190078458543e-06,0.8040291393125637,621340.5073272547,980.3768448824457,788.2515507928011,0.001361684320154317
0.0723,5.409707261009429,7.033985735740989e-06,0.804005127201303,623963.4126584525,982.4732714513009,789.9135475850841,0.0013621792074885366
0.0724,5.432325382703541,7.070134752296308e-06,0.803944962116791,626553.5032805043,984.5839756480684,791.5513270031855,0.0013626649727489434
0.07250000000000001,5.464876632902543,7.122129277166151e-06,0.8039181266056115,629175.8495586999,986.6751739864986,793.2060574394886,0.0013631841226822942
0.0726,5.386470674164608,6.997130144816031e-06,0.803863306513271,631759.4522733418,988.7663298782041,794.8329713048721,0.0013636992622998994
0.0727,5.54249119049887,7.246080389067214e-06,0.8038115223840453,634356.5083507998,990.8604012667075,796.4650076122647,0.0013642048445704229
0.0728,5.601559966645,7.340378807782828e-06,0.8037636745137423,636968.8048736124,992.957606602096,798.1032545188684,0.0013647021094889114
0.0729,5.674413525411841,7.456668722296521e-06,0.8036999390773865,639493.5591054438,995.0024541700793,799.68341179835,0.0013652012297595262
0.07300000000000001,5.665734810635795,7.442898603314775e-06,0.8036521721106079,642033.5036395382,997.0357321577226,801.2699318204429,0.0013656757220532794
0.0731,5.62875950043804,7.383988310639456e-06,0.8036284443749288,644648.9028154667,999.093937648782,802.9003068970989,0.0013661424950246381
0.0732,5.513376363944124,7.1999961906624344e-06,0.8035569117744538,647154.4531199144,1001.1227507923692,804.4591059338688,0.0013666123434341168
0.0733,5.541233382699492,7.244507568391314e-06,0.8034866010694897,649685.9734406961,1003.1666977703077,806.031000297565,0.0013670741723547368
0.0734,5.46239504817808,7.118809905429195e-06,0.8034492069079248,652247.1028394874,1005.1888277977303,807.6181664867905,0.0013675828718718618
0.07350000000000001,5.383484599950172,6.992994690103659e-06,0.8034233380589848,654841.0124982455,1007.2180327736543,809.2224740442231,0.0013680715362149114
0.0736,5.572758915441591,7.295017712921975e-06,0.8033613341810686,657423.6449459419,1009.2801565158071,810.816653101026,0.0013685381265947291
0.0737,5.657508596550573,7.4302947660558285e-06,0.80331591093638,660041.662402666,1011.3449396866371,812.4294814952619,0.001369025095073777
0.0738,5.729498535438126,7.5452182274373235e-06,0.8032645174858487,662614.8852615448,1013.3792573692025,814.0116002008552,0.0013695300014298429
0.07390000000000001,5.688546870169706,7.479960490350749e-06,0.8032155209381129,665202.2491967909,1015.4177773782344,815.5993190266888,0.001370021930336465
0.07400000000000001,6.100665182389634,8.137522278865355e-06,0.8031628074195436,667803.6594554301,1017.468114568575,817.1925473567529,0.0013705244503175703
0.0741,5.991696191776524,7.963754274599727e-06,0.8031429829737892,670439.9155800592,1019.4996054997588,818.803954301672,0.0013710578361793369
0.0742,6.055706797100096,8.065957277419658e-06,0.8030959043242696,673006.9293081078,1021.5093751015308,820.369995372887,0.0013715762650850785
0.0743,6.074114859555994,8.095406549621682e-06,0.803061846769981,675599.9467399003,1023.518766865458,821.948871122715,0.0013720839119156782
0.07440000000000001,6.051019961805875,8.058640585617023e-06,0.8030554765504185,678234.7057120141,1025.5207600357583,823.5500626628731,0.0013725788694698585
0.0745,6.173736966991778,8.25451154143684e-06,0.8030274010593358,680792.4810601366,1027.4885967040232,825.101497429341,0.0013730787674895277
0.0746,5.9229605769600475,7.854485159570416e-06,0.8029596876016867,683288.6024287837,1029.4573201712196,826.6127282039555,0.001373612673245837
0.0747,6.016707299739822,8.004136016232108e-06,0.8029321864407092,685916.8793209953,1031.4706567683997,828.2009896884955,0.0013740794225875624
0.0748,6.14302171104999,8.20575198902932e-06,0.8029211792954952,688531.6601009512,1033.4489863059082,829.7780788264705,0.001374603658964073
0.07490000000000001,6.0629386908394105,8.078059153353275e-06,0.8028608387431098,691062.5115253357,1035.424393542107,831.3016970542799,0.0013751311462805293
0.075,6.278844066029894,8.422626176190362e-06,0.8028200970531644,693633.8848203482,1037.4016029488434,832.8468555625066,0.0013756498707526
0.0751,6.161149728387148,8.234921855694488e-06,0.8027874256995265,696224.4207237625,1039.3793037968242,834.4006356204231,0.0013761311520488356
0.0752,6.409464979571399,8.631209716869368e-06,0.802761843017716,698799.4157376427,1041.3327932410464,835.9422322969729,0.001376587140889814
0.0753,6.331365490259514,8.50668092839139e-06,0.8027232249348413,701373.4220085558,1043.2990786304836,837.4804009698121,0.0013770550713872885
0.07540000000000001,6.414938342750036,8.640115225288345e-06,0.8026953481114985,704036.3296626383,1045.3140529464674,839.0687276157041,0.0013775598747020029
0.0755,6.426041559552779,8.657917948221696e-06,0.8026699390540102,706660.7353523799,1047.29367835291,840.6311529751787,0.0013780593991590598
0.0756,6.3122300378702585,8.476402178395789e-06,0.8026664605672084,709274.9008847893,1049.233575359406,842.1846002420025,0.0013785176049449334
0.0757,6.326347866833966,8.499013901041203e-06,0.8026079596450316,711859.043762421,1051.2198210030836,843.7173956737116,0.0013790539069842868
0.0758,6.320346452658445,8.489522381348084e-06,0.8025575726441961,714409.6287602896,1053.1675099100828,845.2275603411755,0.0013795479836413726
0.07590000000000001,6.390493371977736,8.601539567479116e-06,0.8025092838090085,716924.012581442,1055.08269063416,846.7136544201002,0.0013800422174979228
0.076,6.388111646516738,8.597824824841522e-06,0.8024744369793537,719510.7057829206,1057.0302678226385,848.2397690411184,0.0013805781150007014
0.0761,6.212222338059272,8.317240709680505e-06,0.8024364471154671,722054.9235699527,1058.947600220841,849.7381500026695,0.0013810499314042754
0.0762,6.266145606783515,8.403370883442177e-06,0.8024273013234687,724731.6575031433,1060.920691717236,851.3117275728962,0.0013815500659936347
0.0763,6.400939986003697,8.618552891680126e-06,0.8023796626046378,727259.1768763114,1062.8321734788624,852.7949207613227,0.0013820552326673432
0.07640000000000001,6.696475823292625,9.090245016394827e-06,0.8023320563829272,729699.9460315745,1064.6773444800165,854.2247631809627,0.0013825293999315776
0.0765,6.915604124168454,9.44001674816175e-06,0.802313890123503,732273.7086674433,1066.5774803919066,855.7299274113556,0.001383012891344262
0.0766,7.067976723528963,9.683266820293277e-06,0.8023199229555761,734902.3192452276,1068.4820543283674,857.2644395081543,0.0013834647970232782
0.0767,7.120026694794281,9.766425468103799e-06,0.8022511533150524,737454.0948243134,1070.427223288927,858.7514744233708,0.0013839240116232405
0.07680000000000001,6.811892923196334,9.274793711229424e-06,0.8022164697481313,739927.7877668159,1072.2673811999075,860.1905531722763,0.0013844091617102828
0.07690000000000001,6.695368977328718,9.088931925828331e-06,0.8021881076687392,742513.5689111311,1074.177318496692,861.6922704255487,0.0013849042437051292
0.077,6.674926986245077,9.056399966174382e-06,0.8021508188859784,745102.7223896494,1076.098544301144,863.1933285131724,0.0013854238943422335
0.0771,6.728867548736883,9.142572826038182e-06,0.8021315296215004,747701.5711952862,1077.9994989998797,864.6973870639889,0.001385929268875468
0.0772,6.43719764015902,8.677189807349476e-06,0.8020682169487573,750195.7881832793,1079.881257561251,866.1384347685258,0.0013863995704117985
0.07730000000000001,6.195670281483931,8.291820486219858e-06,0.8020139997286689,752804.6816102272,1081.8304627178952,867.6431764327061,0.0013869108962807923
0.07740000000000001,5.931647250474045,7.870542058017186e-06,0.801986820704463,755336.7202280202,1083.6850139319604,869.1010989683658,0.0013874180551333725
0.0775,5.960717433463564,7.917014851940347e-06,0.8019665443420837,757900.2420314426,1085.549850044434,870.574661951194,0.001387910490484599
0.0776,5.938266525681544,7.881263103618625e-06,0.8019135879604338,760386.2850229702,1087.400591922175,872.0013102186064,0.0013884354368978228
0.0777,5.932912814165244,7.872797310140296e-06,0.8018699212480008,762960.9054523867,1089.2992872133611,873.4763336532907,0.0013889567471414334
0.07780000000000001,5.84971362946917,7.740090808051925e-06,0.801846878986818,765586.1661417105,1091.2031110578523,874.977808942432,0.001389492626231623
0.0779,5.906303536315378,7.83048576975911e-06,0.8018130083971153,768135.3683070559,1093.0644839218264,876.4333222254047,0.001390008956772033
0.078,5.886913548991832,7.799617020287708e-06,0.8017763055963624,770751.1181890983,1094.974143782695,877.9243237256233,0.0013905199539780214
0.0781,5.659526634516639,7.4367768640704296e-06,0.801745810408267,773360.4109549571,1096.8677536187383,879.4091260357442,0.0013910092983070107
0.0782,5.549719457142507,7.261592951396606e-06,0.8016942469964252,775911.3793866638,1098.7459658108723,880.8583197011136,0.0013915096557121584
0.07830000000000001,5.331875321398789,6.913971123601031e-06,0.8016766045003704,778450.0339098788,1100.5661757080911,882.2981547696222,0.0013919675414677465
0.0784,5.35386027115007,6.949129904076559e-06,0.8016411107633029,781012.829678473,1102.4251259566106,883.7493025052199,0.0013924745861430123
0.0785,5.393625516531125,7.0126685255114595e-06,0.8016131682793025,783627.7813377209,1104.3076210053364,885.2275308290604,0.0013930077495361538
0.0786,5.218512612943859,6.733237840514616e-06,0.801581290798701,786147.812681205,1106.125827876217,886.6497688948032,0.0013934977363998155
0.0787,5.129632212212211,6.591440080271585e-06,0.8015332787069621,788595.040366558,1107.9124997937377,888.028738480099,0.0013940053617082834
0.07880000000000001,4.908411853719257,6.2384052809143635e-06,0.8014836908417817,791151.622392721,1109.7756001535374,889.4670440172179,0.0013945147048372824
0.0789,4.902980078011881,6.229797473190576e-06,0.8014485703534012,793734.2530604763,1111.634207829488,890.9176466208687,0.0013950169366476045
0.079,4.78904184069272,6.047993624967015e-06,0.801423072943969,796297.2490628348,1113.462938321845,892.3548896391133,0.0013955039038004843
0.0791,4.828975850986259,6.111796436501372e-06,0.801405618414518,798870.9903395878,1115.2852089426356,893.7958325812375,0.0013959980476397809
0.0792,4.902593494334112,6.229366739914583e-06,0.8013670971799592,801369.8831961848,1117.0818649685698,895.1926514422385,0.0013964640675458836
0.07930000000000001,4.908756936226144,6.239267104179223e-06,0.8012992992361365,803884.5641059988,1118.9278456876445,896.5960986453198,0.001396964176492133
0.0794,4.91490100503816,6.249136740389818e-06,0.8012802557738811,806454.5002530004,1120.7416022917364,898.0281177407549,0.0013974508305972608
0.0795,4.950694941910324,6.306335464477758e-06,0.801251024418185,809092.4457954644,1122.6140553935213,899.4956619103053,0.0013979301667015982
0.0796,5.050722000242651,6.46606909905749e-06,0.8012379960538991,811696.4831279556,1124.4374356761045,900.941997649098,0.0013983930575532418
0.07970000000000001,4.802644556807495,6.070129619916355e-06,0.8012269667745421,814306.2141228889,1126.2591093594108,902.3891699942369,0.0013989695882206537
0.07980000000000001,4.752891957416624,5.990769686687759e-06,0.8011832236216218,816817.1399638945,1128.0557780064355,903.7793646481967,0.0013994626513954566
0.0799,4.921460329744624,6.259919055116416e-06,0.8011649573120397,819415.2065395546,1129.8741286552838,905.2155580520891,0.001399935885390652
0.08,5.139532271513291,6.608098285376315e-06,0.801164184357682,822074.8732768598,1131.707413811083,906.683447117488,0.0014004224003623222
0.0801,5.053318065908387,6.470535660857714e-06,0.8011446183796361,824622.5735171633,1133.4873819124884,908.0873160204189,0.0014009470303522414
0.08020000000000001,4.903896903690633,6.232068528212289e-06,0.8011189139542084,827209.9520381221,1135.3006592906308,909.5108311824171,0.0014014335025342576
0.08030000000000001,4.782741973321096,6.038720487784594e-06,0.8011065363151927,829855.8793464073,1137.1324745223285,910.9642579961177,0.001401974230271703
0.0804,4.425027414841275,5.467724088036559e-06,0.8010763540627407,832462.9676285245,1138.9602015802625,912.3940857044906,0.0014024846748221884
0.0805,4.848246894905257,6.14341418370944e-06,0.8010563661831451,835050.978635167,1140.7577251040614,913.8112379672116,0.0014030240688738746
0.0806,4.8090458117781765,6.080893450827239e-06,0.8010143839966066,837622.6350880573,1142.5728169490387,915.2172611397018,0.0014035366758429696
0.08070000000000001,4.666653770537996,5.853632187166846e-06,0.8009655855049423,840148.4299939872,1144.3639117613998,916.5961106146954,0.0014040536584765272
0.08080000000000001,4.579048177800159,5.71383113059897e-06,0.8009484080850868,842796.63065476,1146.1906273372658,918.0395583278331,0.001404588829550169
0.0809,4.550789612929526,5.668773782194632e-06,0.8008973750659252,845308.7634463591,1147.9707313339666,919.40674537789,0.0014051198981429285
0.081,4.644746097641427,5.8188316777227585e-06,0.8008810805268963,847861.3834866256,1149.7261079244101,920.7938876244995,0.001405608331573741
0.0811,4.601718618481008,5.750195690931981e-06,0.8008588139602807,850411.0879852797,1151.485563331681,922.1773625421949,0.0014060803090420319
0.08120000000000001,4.875870881288298,6.187945412584855e-06,0.8008292746239811,852903.9093223476,1153.2145466632314,923.5279688901413,0.0014065449179303492
0.0813,4.88914054651706,6.209192728904071e-06,0.8008118668414755,855500.5529938625,1154.993784682469,924.9327289018734,0.0014070367564659612
0.0814,4.720299185444722,5.939688894303414e-06,0.800797972759605,858046.9270753752,1156.7314805621822,926.3082246614103,0.0014075277528261944
0.0815,4.691980115454512,5.894534494173887e-06,0.8007904546343338,860691.1678366988,1158.5233341129929,927.7344274288319,0.0014080687981038737
0.0816,4.631070121911954,5.797344720195942e-06,0.8007748905054749,863257.9150027132,1160.2720691976294,929.1167391682843,0.0014085625339341462
0.08170000000000001,4.437702023333289,5.488669085809502e-06,0.8007526964553532,865819.1121681263,1162.0242045212415,930.4940151167675,0.001409054424936552
0.0818,4.501689912417467,5.5908885099036705e-06,0.8007387473476919,868385.5323304039,1163.7654116349154,931.872057919114,0.0014095794341203926
0.0819,4.471446670365866,5.542656614452518e-06,0.8007115695460396,870919.2088460005,1165.501484404739,933.2305228859605,0.0014100614767967657
0.082,4.607727969114052,5.760306437550833e-06,0.8006690419039011,873493.1704804146,1167.284503915552,934.60856537933,0.001410536167225413
0.0821,4.527279495859728,5.631913902477481e-06,0.8006422687508277,875973.6647058579,1168.9798105819311,935.9346476682341,0.001410998469872838
0.08220000000000001,4.474816348426412,5.5482026821360605e-06,0.8006348777796232,878611.7159600009,1170.7495239473174,937.3429020161269,0.001411485869094846
0.0823,4.344246386552189,5.339776220591061e-06,0.8006146408767038,881260.9046407912,1172.5428538247477,938.7549758274489,0.0014119687355034806
0.0824,4.167770037574394,5.058045896696848e-06,0.8005655434906195,883791.9550903284,1174.2974774154318,940.1020982267412,0.0014124744562442847
0.0825,4.277600757385311,5.233467107638058e-06,0.8005502309556645,886384.2092755508,1176.0408793699162,941.4797975928925,0.0014129780741976789
0.0826,4.112653836874287,4.970139757276266e-06,0.800518787918572,888940.8834106263,1177.7819954600884,942.8366154380188,0.0014134874902208023
0.08270000000000001,4.164051482977561,5.052259463827675e-06,0.8005183483944083,891600.9721865543,1179.5435387809296,944.2462455242015,0.0014140114129204968
0.0828,3.8996666322694438,4.63014406492953e-06,0.8004655889788282,894160.5902546265,1181.3133050746853,945.6006505151147,0.001414514652636384
0.0829,4.169098067796172,5.060418563253011e-06,0.8004405504032576,896698.482422685,1183.025580490049,946.9416467885901,0.0014149758395863292
0.083,4.11885798784639,4.980244794729935e-06,0.8004141024568376,899285.9222774005,1184.7703188310338,948.3068713646458,0.0014154889878423254
0.08310000000000001,4.161270868348279,5.048020704479045e-06,0.800392653537083,901833.546802799,1186.4791189461832,949.6491703796678,0.0014159504106271094
0.08320000000000001,4.158916831338135,5.0443119735971305e-06,0.8003557919689803,904385.8978315874,1188.2116295749595,950.9920598152125,0.0014164562657981291
0.0833,4.134940146620718,5.006074728689087e-06,0.80034766104066,906932.5213255696,1189.8954602900208,952.3300485260202,0.0014169958041614446
0.0834,3.99707594277059,4.7859719683591025e-06,0.8003361029804885,909548.5644013652,1191.627557430265,953.7025555178951,0.0014174978341860527
0.0835,3.8761305785147058,4.592882453232651e-06,0.8003016149938595,912162.3858988297,1193.3899784628718,955.0719270813199,0.0014180236995674077
0.08360000000000001,3.6166806462592107,4.1786094435595565e-06,0.8002955931906507,914810.415362566,1195.1299357541793,956.4572208742803,0.0014185231719362013
0.08370000000000001,3.5288809376766745,4.038441256860379e-06,0.8002840722267134,917449.4258319205,1196.8697571396906,957.8358031687469,0.0014190173467502748
0.0838,3.8053269867758988,4.479950390945876e-06,0.8002510602113397,919952.1157211046,1198.5505432239527,959.1413429318462,0.0014194897154773808
0.0839,3.879935368924134,4.5991416398044735e-06,0.8002432542299259,922594.552155265,1200.2823531002166,960.5178562396837,0.0014200005082548152
0.084,4.189958580829371,5.094287080876736e-06,0.800226435906146,925149.5396370437,1201.968466347993,961.8469418972194,0.0014204941356922224
0.08410000000000001,4.222491678293631,5.1462929388995e-06,0.8001825322239229,927665.8793389046,1203.6680280280132,963.1541306244318,0.0014209807140609157
0.08420000000000001,4.147991185210138,5.027366357358897e-06,0.8001620684801667,930225.2239605522,1205.3581145704175,964.4818422140236,0.0014214793922150985
0.0843,3.8305961114999776,4.520529008450891e-06,0.8001424484737086,932813.7883436695,1207.063638997669,965.8228555711815,0.0014219643378970373
0.0844,3.8779324746769377,4.596172101982224e-06,0.8001302636592182,935370.4042626444,1208.7350481994574,967.145492809975,0.0014224403813057264
0.0845,3.890448011487169,4.616205909480728e-06,0.8001091747713525,937957.5045536668,1210.4373910572351,968.4820620711893,0.0014228940598738345
0.08460000000000001,3.957565618298929,4.723443520508499e-06,0.8001049765965592,940578.0578160017,1212.133488218158,969.834036222693,0.001423371698320558
0.0847,3.9596319595518703,4.726790715532822e-06,0.8000838215186692,943174.9061555435,1213.8377229703772,971.1719240976531,0.0014238690137951119
0.0848,4.037092239291116,4.850549880362709e-06,0.8000475309600349,945669.5870214266,1215.4970855431366,972.4554421779072,0.0014243795933615232
0.0849,3.886929760307339,4.610770840974566e-06,0.8000060798945967,948255.7715201143,1217.2210656132916,973.7842530664154,0.0014248870824583133
0.085,3.845269883677872,4.5442803338704555e-06,0.7999936658402403,950851.9383534144,1218.9051155471407,975.1163716979621,0.0014253895827005163
0.08510000000000001,3.7127315890177863,4.332641945298685e-06,0.7999717072384297,953437.8278591599,1220.5949304474113,976.4414103565852,0.001425903336080164
0.0852,3.882408316041926,4.603687169223394e-06,0.7999269138259864,955927.952493105,1222.2562635494241,977.7156808055736,0.001426413848885308
0.0853,4.044776223521806,4.8630642732321865e-06,0.7998758003931238,958394.073124306,1223.9100526433078,978.976032967256,0.0014269010456862009
0.0854,3.8558344649931575,4.5613351913838475e-06,0.7998603746592433,961079.3254783906,1225.6470809438852,980.3465333637859,0.0014273880466602752
0.0855,3.852041080731782,4.555321791434868e-06,0.799866049333833,963731.7005936711,1227.3284712934387,981.6983755684209,0.0014278914105031835
0.08560000000000001,3.8177132458413032,4.500537713429671e-06,0.799853958838114,966378.9022839007,1229.0315208182735,983.0457274633287,0.0014283790499381645
0.0857,3.8281355128356176,4.517229485468612e-06,0.799843811057196,968942.3984092535,1230.6761698733353,984.3487178887663,0.0014288666809985438
0.0858,3.835983692304594,4.5298100961501286e-06,0.7998142661820812,971470.8350364232,1232.3263567110646,985.6322006897043,0.0014293430288606333
0.0859,3.9905168479426547,4.776687686853436e-06,0.7997825955645196,973970.4477992511,1233.9595993451114,986.8994111859893,0.0014298075954748328
0.08600000000000001,3.752849340820303,4.397110344026788e-06,0.7997612270743739,976593.0602996845,1235.652839437073,988.2272311061282,0.0014302817722713817
0.08610000000000001,3.4685157898881225,3.942985291660379e-06,0.7997560367423755,979220.2640325698,1237.3218127719117,989.5555891573644,0.0014307968308123918
0.0862,3.739783140156109,4.376326982127962e-06,0.7997228873310578,981805.7458413664,1239.0055717955274,990.8611132955828,0.001431280310038051
0.0863,3.576745158991436,4.115943175559014e-06,0.7997158584776365,984398.6446289647,1240.651472435915,992.1686573506414,0.0014317743001105194
0.0864,3.817167271673801,4.500024339684057e-06,0.7996814305785417,986930.5554984886,1242.2994304845245,993.4437857767756,0.001432268500123053
0.08650000000000001,3.9664938715629656,4.738599571735929e-06,0.7996863950542926,989539.5193992492,1243.932641765701,994.756009983985,0.0014327715264303347
0.08660000000000001,4.158861162107228,5.045932313181038e-06,0.799659932292923,992098.4216739611,1245.5811967806405,996.0413754829491,0.0014332787014465585
0.0867,4.059647904139146,4.887498769085405e-06,0.7996376326875686,994625.6728401849,1247.2014516245215,997.3092162615262,0.0014337454232597822
0.0868,4.052169405811609,4.875601148295947e-06,0.799603616257694,997185.104218362,1248.8582341980143,998.5915602579246,0.0014342425439344691
0.0869,3.8734287739680755,4.590122742954142e-06,0.7995910694280177,999772.4724247325,1250.4969952400652,999.8862297405341,0.001434742117092677
0.08700000000000001,3.9249490964494793,4.6724697854204686e-06,0.7995588071215919,1002241.9238465158,1252.0909349404396,1001.1203343487263,0.001435205568000251
0.08710000000000001,4.2725690843110735,5.227828588319068e-06,0.7995478442691266,1004784.3179682672,1253.6952125888022,1002.389304595914,0.0014357073830633257
0.0872,4.453503692531253,5.516921029403313e-06,0.7995410853729685,1007291.8626338233,1255.269213043154,1003.6393090317989,0.0014361811481357143
0.0873,4.438553407583889,5.493092895197397e-06,0.7995346871278063,1009834.1776000205,1256.8623665448088,1004.9050589981276,0.0014366445140923062
0.0874,4.635510669187891,5.807790198947417e-06,0.7995287871705925,1012403.6486027694,1258.4696479814588,1006.1827113416173,0.0014371038756332002
0.08750000000000001,4.716865728528506,5.937815445654931e-06,0.7995102403071295,1014986.636749518,1260.1032495866327,1007.4654518888104,0.0014375792632239004
0.0876,4.854978003418576,6.158515706657182e-06,0.7995015434851421,1017580.5861207566,1261.7261374636794,1008.7519943577599,0.0014380812934018997
0.0877,4.989828291321338,6.374009128094588e-06,0.7994750064031917,1020169.5656932995,1263.3721251887844,1010.0344378749165,0.0014385897802815498
0.0878,5.029223235932923,6.437009228436352e-06,0.7994548590075145,1022695.8528769732,1264.9673058979968,1011.2842591858024,0.0014390827263813105
0.0879,5.290532745336699,6.854540537555226e-06,0.7994562406724111,1025326.1435515512,1266.5907688990992,1012.583894574438,0.0014395659306220738
0.08800000000000001,4.86807286362534,6.179681625184559e-06,0.7994338209559916,1027945.1001846624,1268.2429089397185,1013.8762745940327,0.0014400472649862912
0.0881,4.585207846381123,5.727829990748663e-06,0.7994108378539745,1030478.5808969392,1269.841314307508,1015.1249090121561,0.00144051289450484
0.0882,4.777963246373517,6.035841623426323e-06,0.7993862203412057,1032925.1947982565,1271.3870328634316,1016.3292747915207,0.001440980615994203
0.0883,4.7868330128801375,6.050072622261446e-06,0.7993600112816972,1035435.1914004328,1272.9725599648843,1017.563359894817,0.0014414883339785875
0.0884,5.177837494880576,6.6748314343398935e-06,0.7993477669782182,1038006.0276264609,1274.5714073061363,1018.8258082844529,0.001442000899344393
0.08850000000000001,5.163524547551632,6.652030241129598e-06,0.799358281773482,1040741.1893934495,1276.2327722802254,1020.1672359929266,0.0014424914246981106
0.0886,5.455449113474535,7.1185067189515404e-06,0.7993175685229701,1043323.8734434046,1277.8804144169314,1021.4322657148649,0.0014429668849078568
0.0887,5.6203039317921935,7.3819701135081165e-06,0.7992885878946719,1045836.6209038796,1279.4647056050187,1022.6615378041247,0.0014434410429584735
0.0888,5.591985632143922,7.336798370089124e-06,0.7992643122561949,1048363.2186870758,1281.0481863163775,1023.8960976032085,0.001443918364431056
0.0889,5.653801025533397,7.43563735183338e-06,0.7992548329463607,1050854.8483082813,1282.5848186809721,1025.1121149943908,0.0014444210151470143
0.08900000000000001,5.666597001193763,7.456156464939505e-06,0.7992515682565359,1053527.5991998382,1284.2200956771035,1026.4149254564832,0.0014449131137279669
0.0891,5.747453909131406,7.585422897682445e-06,0.7992165245260209,1056071.7484027452,1285.8261612453268,1027.653515735108,0.0014453985681132167
0.0892,5.6026515977075295,7.354132814084816e-06,0.7991903973982295,1058636.0267129207,1287.4283778132958,1028.9003968863653,0.0014459292869451062
0.0893,5.521267763160351,7.224169394364845e-06,0.7991770477871012,1061212.7039184105,1289.0157314790479,1030.1517868345381,0.0014464193157286646
0.08940000000000001,5.584064580515974,7.324580323350106e-06,0.7991826032753572,1063921.723522867,1290.6509836902826,1031.4658130654936,0.0014468980307124977
0.08950000000000001,5.684755750975681,7.4855427905210025e-06,0.7991591181182195,1066506.585210276,1292.2558644023825,1032.7180569788961,0.0014473944148469355
0.0896,5.730056584426107,7.5580020631291165e-06,0.7991365906507413,1069044.2919628515,1293.8288563672563,1033.9459811628647,0.0014479205084223905
0.0897,5.988358839999132,7.970814144458586e-06,0.7991363120315844,1071619.1373962671,1295.3864959494065,1035.1903870285241,0.001448400683297552
0.0898,6.028079463621398,8.034363079204883e-06,0.7991181515000308,1074213.0949806166,1296.9828265732215,1036.442518898473,0.0014489453416795548
0.08990000000000001,5.780832501595493,7.639363496912101e-06,0.7990758279547983,1076709.887759893,1298.5580151865636,1037.6463211325358,0.001449450260892665
0.09000000000000001,6.018853811279512,8.019781170956086e-06,0.7990681288296888,1079352.17771432,1300.1629231122647,1038.9187541450606,0.0014499461126146428
0.0901,6.083446945136858,8.123077434298435e-06,0.7990510572953677,1081896.9503594362,1301.722518607254,1040.142754798323,0.0014504450853702964
0.0902,6.107854572443657,8.162160815374061e-06,0.7990415226688554,1084375.2083716905,1303.2281183025727,1041.3333800333537,0.0014509108057045364
0.0903,5.9469742781079376,7.905158846479356e-06,0.7990348802402415,1087111.9684979876,1304.8824814172779,1042.6466172668395,0.0014514526620900475
0.09040000000000001,5.895642100021183,7.823209041450544e-06,0.7990081610201444,1089576.3367014506,1306.4043450033046,1043.827733249817,0.001451932951873538
0.09050000000000001,5.712645571045048,7.530856601224756e-06,0.7989948791043936,1092179.8139342563,1307.985943788603,1045.0740710276318,0.0014524565884067222
0.0906,5.688370828541577,7.492139927057527e-06,0.7989779356025579,1094758.0725395298,1309.5566553236608,1046.3068730250795,0.0014529568256894292
0.0907,5.589759768451293,7.334629905885676e-06,0.798957477584744,1097301.586892744,1311.1106281459759,1047.5216402980675,0.0014534378349881033
0.0908,5.664673915649858,7.4544201155127645e-06,0.7989491168548694,1099897.7384138054,1312.6744539967842,1048.7600957386815,0.0014539565370850942
0.09090000000000001,5.744775073646549,7.582501937338428e-06,0.7989635267322386,1102582.0988148302,1314.2516007465508,1050.0390939459444,0.0014544675496632753
0.091,5.622658238185237,7.387423761911258e-06,0.7989508530169848,1105166.074212264,1315.8115904013628,1051.2687925608166,0.0014549427798016892
0.0911,5.447284192054126,7.107231037066477e-06,0.7989538912861471,1107751.5686667173,1317.344827486925,1052.4977760863476,0.0014554298054462297
0.0912,5.2908072092436775,6.857232538845891e-06,0.7989305794685345,1110355.2412735857,1318.9305540754963,1053.7339518462754,0.0014559706602283622
0.0913,5.408939871494793,7.046093090066751e-06,0.7989180485779543,1112923.9835416253,1320.4760184010154,1054.952123814928,0.0014564787929060151
0.09140000000000001,5.388418432220604,7.013366845908154e-06,0.7988882807153995,1115491.8304348746,1322.0477660978293,1056.168466881524,0.001456966296197398
0.0915,5.426496074336315,7.074291215789257e-06,0.7988695288272302,1118044.830191482,1323.5908391469216,1057.3763900293436,0.0014574880771941964
0.0916,5.3543531907964095,6.9590639561763126e-06,0.7988704750471631,1120660.5302382759,1325.1366556881017,1058.6125496319544,0.0014579939612199798
0.0917,5.524489571233544,7.231045453411997e-06,0.7988453804372025,1123206.5735941736,1326.68277392907,1059.8144052588525,0.0014584880933063767
0.0918,5.448101806357498,7.109033214688579e-06,0.7988524503612566,1125817.3876216179,1328.2120140650054,1061.0454220350864,0.0014589965927350958
0.09190000000000001,5.622385076735138,7.387649316759258e-06,0.7988316361476299,1128414.1615572406,1329.77758473618,1062.2684037272545,0.001459499865066819
0.092,5.605795817489122,7.361209113273174e-06,0.7988268840993794,1130993.0354029725,1331.304171695794,1063.4815632642433,0.001459984814016774
0.0921,5.579163915887422,7.3187175779692476e-06,0.7988115683957459,1133568.8788685047,1332.8448904255567,1064.6919173491067,0.0014604798584887157
0.0922,5.65817180644972,7.445067262700098e-06,0.7987951960238107,1136216.1338785088,1334.427648088867,1065.9343947347336,0.001461004792123849
0.09230000000000001,5.727756754379965,7.556358802089375e-06,0.798785536388943,1138851.151388879,1335.9902543570283,1067.1696919369901,0.0014615274913834353
0.09240000000000001,6.2107707292421805,8.328441454637062e-06,0.7987826613771601,1141524.1702414257,1337.5620135013967,1068.4213449016381,0.0014620461497850514
0.0925,6.184012239039153,8.285755522329255e-06,0.7987823471569747,1144093.2538019994,1339.0668348756749,1069.6229493620742,0.001462529733574749
0.0926,6.277827767245708,8.435787570967267e-06,0.7987736252061985,1146693.0952822762,1340.6020596921592,1070.8375671792055,0.0014630163482259788
0.0927,6.532156409478299,8.842380431548696e-06,0.7987535448765103,1149259.2526253867,1342.1350120749046,1072.035098597698,0.001463542934414954
0.09280000000000001,6.4147700459932935,8.654840879444619e-06,0.7987287049867221,1151798.3004917006,1343.6585628831317,1073.218663875956,0.001464019262572811
0.09290000000000001,6.433358990558057,8.68463948431278e-06,0.7987200768877506,1154381.180701836,1345.1788113690086,1074.4213236444205,0.0014645519952492074
0.093,6.319103194104937,8.502098547642627e-06,0.7987066421961031,1156931.7896503552,1346.6867315019479,1075.6076374079744,0.0014650077840270915
0.0931,6.495682840244362,8.784432380345694e-06,0.79867765122501,1159467.915917538,1348.210905374478,1076.7859192604358,0.0014655106681970653
0.0932,6.681519004285723,9.081567823558408e-06,0.798647552872566,1162025.380912819,1349.7478417907155,1077.9728108411634,0.0014660477779080425
0.09330000000000001,6.475401172055728,8.752187957889013e-06,0.798634068587649,1164675.741452261,1351.3090404839397,1079.2014369209558,0.0014665676395020086
0.09340000000000001,6.478508797474247,8.757242552703287e-06,0.7986154274365239,1167219.4816284485,1352.8154928046317,1080.3793230289366,0.0014670603048196193
0.0935,6.484310235607504,8.766603273391713e-06,0.7986042099523706,1169854.558226634,1354.3606915504586,1081.5981500662072,0.0014675623746396819
0.0936,6.712485274614978,9.131429216911424e-06,0.7986080115132035,1172416.6117105484,1355.8364929430995,1082.7818855663093,0.0014680082928032448
0.0937,6.679052786697708,9.078077643161264e-06,0.7985695568933794,1174949.1854144905,1357.3654552733879,1083.9507301600368,0.0014685445368836177
0.09380000000000001,6.719808134679254,9.143316901516402e-06,0.7985584861359939,1177615.0795590375,1358.923315094547,1085.179745276808,0.0014690607469390693
0.09390000000000001,6.806297157340175,9.28166509215627e-06,0.7985454277750313,1180178.6590464849,1360.4238941373549,1086.3602804992818,0.001469548165244903
0.094,6.824798871378495,9.3113337389936e-06,0.7985378124074736,1182673.8681188303,1361.874269892952,1087.5081002543614,0.0014700503892473083
0.0941,6.821313172022933,9.305854261879439e-06,0.798523775657956,1185156.4807903303,1363.326876011502,1088.6489244886625,0.0014705363816775133
0.0942,7.079947519513723,9.719399585801287e-06,0.7985090398489153,1187694.4455327112,1364.81103603865,1089.813949962432,0.0014710276363739093
0.09430000000000001,7.120598661862172,9.78448188379275e-06,0.7985009053879869,1190291.684911612,1366.316418015806,1091.0048968320993,0.001471511433441582
0.0944,7.337779198044032,1.0131770851798271e-05,0.7984671474245887,1192818.0551928584,1367.8234660934404,1092.162101152055,0.0014720423145267332
0.0945,7.278390324549211,1.0036929875316704e-05,0.7984695076727191,1195473.846582562,1369.341290867986,1093.3772663552893,0.001472531451617236
0.0946,7.018103001087354,9.62091810630049e-06,0.798456704624514,1197944.8241623342,1370.7777159980637,1094.5066578885414,0.0014730212553047562
0.0947,6.636655907557949,9.011202492301083e-06,0.7984452318888423,1200551.020549183,1372.2877258262233,1095.6965914655314,0.0014735074157451785
0.09480000000000001,6.5638995927652335,8.894977062733053e-06,0.7984209705435674,1203084.0867625074,1373.7764146327468,1096.8518982809455,0.0014739889253151941
0.0949,6.561217503636341,8.890777728425899e-06,0.7984166206571882,1205753.3351576354,1375.307042393289,1098.0680011536754,0.0014744949008260835
0.095,6.775880210035418,9.234053210076627e-06,0.7983993810163517,1208327.678825154,1376.804162578552,1099.2395911834437,0.001474973671317834
0.0951,6.807181006441895,9.284187047174171e-06,0.7983851762537061,1210936.6629216857,1378.3142601348945,1100.4256735107947,0.001475482964188206
0.0952,6.751888944193871,9.195880819829488e-06,0.798373505512032,1213449.6052032798,1379.763830826407,1101.5668863955957,0.001475944945475886
0.09530000000000001,6.8868193572379095,9.411695642908876e-06,0.7983700906272226,1216135.0676165496,1381.2956599085169,1102.7851411841516,0.0014764676855199294
0.0954,6.854397166933442,9.359953052197955e-06,0.7983521010642569,1218717.1636012874,1382.792422991187,1103.955236230748,0.0014769963766380944
0.0955,6.85608203264065,9.362740000712025e-06,0.7983336944998681,1221303.0796167927,1384.2905896762265,1105.1258207176168,0.0014774912846471277
0.0956,6.668578456429365,9.063048347270402e-06,0.798308726753846,1223795.4687060893,1385.745712632925,1106.252895456589,0.0014779890042344427
0.09570000000000001,6.30211429334771,8.477221741994799e-06,0.7982945285846259,1226353.9640735467,1387.2181646077918,1107.4086707595952,0.0014784846607075245
0.09580000000000001,6.061375252613231,8.092399574150002e-06,0.7982972711942962,1229018.1275078459,1388.7193905854533,1108.6108999589744,0.0014789832019779525
0.0959,5.704233679907523,7.521457248485312e-06,0.7982820845684682,1231498.0282677175,1390.1462025589817,1109.7288084337101,0.001479500579984223
0.096,5.672050003486928,7.470074099284043e-06,0.798257640740113,1234077.4232893207,1391.6438971753603,1110.8903741095787,0.0014800321117514335
0.0961,5.6935982229377675,7.504601941997662e-06,0.7982556839821854,1236724.4800018182,1393.1390285520122,1112.0811481190665,0.0014805455189761077
0.09620000000000001,5.85248784066284,7.758728044882049e-06,0.7982409974372441,1239274.6780977463,1394.6003141311267,1113.2271457783168,0.0014810477727851832
0.09630000000000001,5.86166990800102,7.773486790412184e-06,0.7982148818799599,1241746.7036384544,1396.0362240141746,1114.3368896516272,0.0014815210025850521
0.0964,5.942314214618228,7.902510332521401e-06,0.7982045603755913,1244349.5037429628,1397.5166306590793,1115.5041477928116,0.0014820176755512419
0.0965,5.867819720243317,7.783474880459822e-06,0.7981921301567386,1247006.2496806278,1399.0295044513043,1116.6943403101034,0.0014825404518559948
0.0966,6.008770473900926,8.008929964501994e-06,0.7981676362255735,1249507.5074957474,1400.4748714114637,1117.8137177078106,0.001483012900835565
0.09670000000000001,5.977458078945628,7.958941252701463e-06,0.7981512900751964,1252089.3608076088,1401.9497344591348,1118.9679891791434,0.0014835100178933103
0.09680000000000001,5.977403304165186,7.95893288708951e-06,0.7981339844848576,1254619.57297629,1403.3959725244438,1120.0980193609344,0.0014840051960149977
0.0969,6.243419407763108,8.384379563435281e-06,0.7981222619884013,1257240.5472670107,1404.88173025426,1121.2673843767304,0.0014844774489059015
0.097,6.143706688149892,8.225017900599887e-06,0.7981188074380535,1259782.4153405346,1406.3072834231343,1122.4002919371214,0.001484997305177665
0.0971,6.188311559977081,8.296425667324978e-06,0.798106790131739,1262272.5783939096,1407.7176898625346,1123.50904686785,0.0014854749566308573
0.09720000000000001,6.020034843684355,8.027420861152099e-06,0.7981105314345619,1264981.4601979337,1409.220780386223,1124.7139459426658,0.0014860087226489657
0.09730000000000001,5.852658017275174,7.759849705761074e-06,0.798101511904794,1267655.5324769004,1410.7254282876474,1125.9020971989075,0.0014865144630562977
0.0974,6.105981391591792,8.165018511573266e-06,0.798109583254998,1270286.171006315,1412.1741566650644,1127.069727659439,0.0014869631830218492
0.0975,6.433582044221312,8.688973993319505e-06,0.7981220638431633,1272954.7613750093,1413.6346052943263,1128.2529686976316,0.0014874954927637312
0.0976,6.412859965377525,8.655922956687415e-06,0.7981056038766496,1275540.4549731507,1415.0987860590196,1129.398271192733,0.0014880240817348863
0.09770000000000001,6.618798862353971,8.985337586455653e-06,0.7980928306877073,1278151.589767417,1416.569127890088,1130.5536651426276,0.001488550193062975
0.0978,6.655461589164717,9.044057023915207e-06,0.7980774193876574,1280667.242525886,1417.9898670346977,1131.6656938009132,0.0014890443343207156
0.0979,6.5757456851117855,8.916666302253164e-06,0.7980391946511479,1283152.2913017955,1419.4329425401097,1132.7631223260232,0.0014895376859988933
0.098,6.212393570641932,8.335680869554212e-06,0.7980084751349812,1285626.2739584807,1420.8553469752553,1133.8546088271137,0.0014899933388114633
0.0981,6.364955400626137,8.579743747514961e-06,0.79800906940368,1288308.061255391,1422.3354518010237,1135.036590271612,0.0014905282189384983
0.09820000000000001,6.326860151484265,8.518905841653683e-06,0.7979947573331047,1290848.210757663,1423.7625013497102,1136.1550117645272,0.0014910222659825847
0.0983,6.264748186487619,8.419657947140328e-06,0.7980196463339436,1293575.8605169328,1425.221509027687,1137.3547645818055,0.0014915153694257553
0.0984,6.34024873540138,8.540487323425665e-06,0.7980196798846126,1296190.4601287823,1426.6610640941806,1138.503605672281,0.001492042081376799
0.0985,6.4489179519825655,8.714365210095457e-06,0.7980116187350602,1298768.7913301282,1428.0937140850622,1139.6353764823684,0.0014925450758274566
0.09860000000000001,6.422790275768502,8.67266594804448e-06,0.7980162365345977,1301322.7490066628,1429.4888865747891,1140.7553414324518,0.0014930212156948027
0.09870000000000001,6.257631368914124,8.408611059595132e-06,0.7980132989815011,1303908.70889972,1430.9137733672655,1141.8882208428824,0.0014935249793581694
0.0988,6.470427599290202,8.749026418461887e-06,0.798020228314872,1306610.954892735,1432.383295130278,1143.0708442142766,0.0014940500382607186
0.0989,6.368750110485383,8.586495864286034e-06,0.7980210019160574,1309188.253972749,1433.7939022017374,1144.1976463761603,0.0014945420684124866
0.099,6.572437613359108,8.912351601093386e-06,0.7980218547075624,1311849.7951524393,1435.2490588682306,1145.360115925311,0.0014950653669819356
0.09910000000000001,6.709566523893653,9.131761399191328e-06,0.7980103095093436,1314375.8167486028,1436.650994757992,1146.4623049837246,0.0014955973531718414
0.09920000000000001,6.588512582971034,8.938239195280981e-06,0.7980096149320891,1317001.7622586295,1438.0866477788056,1147.6069720329508,0.001496065829548346
0.0993,6.723872407559686,9.154824119052042e-06,0.797985577859896,1319574.2491212303,1439.5338236038328,1148.7272300773727,0.0014965342854603612
0.0994,6.930237204566848,9.484980611024642e-06,0.7979759058533393,1322226.3807601256,1440.9971786422307,1149.8810289591354,0.0014970195065036513
0.0995,6.833920994303736,9.331022725242779e-06,0.7979703397321033,1324893.898017975,1442.4600731776418,1151.0403546435648,0.0014975588526124275
0.09960000000000001,6.779708266421361,9.244404554121277e-06,0.7979755486600375,1327523.6979604168,1443.8815175577733,1152.182146173266,0.0014980686647330143
0.09970000000000001,6.728401516497032,9.1624326955101e-06,0.797958237116983,1330023.513896853,1445.2716951152224,1153.266453989209,0.0014985520507106744
0.0998,6.911511665980752,9.455406810172178e-06,0.7979393105559274,1332547.4182539198,1446.676660409511,1154.3601770045345,0.0014990306263780687
0.0999,7.076741746000934,9.719787465858679e-06,0.797932866209571,1335148.4257496512,1448.099555839166,1155.4862291475706,0.0014995051319942837
